VBND61,1,"['ZZ20240505AMDHYD2223', 'EC']"
NLHD46,1,"['ZZ20240506AMDHYD2223', 'FC']"
SSLU58,1,"['ZZ20240505AMDHYD2223', 'EC']"
DDIA25,1,"['ZZ20240506AMDHYD2223', 'FC']"
DJWG48,1,"['ZZ20240505AMDHYD2223', 'EC']"
KPPD59,1,"['ZZ20240506AMDHYD2223', 'FC']"
JLHE38,1,"['ZZ20240505AMDHYD2223', 'EC']"
AVKH79,1,"['ZZ20240506AMDHYD2223', 'FC']"
BTKY23,1,"['ZZ20240506AMDHYD2223', 'BC']"
DYYT32,1,"['ZZ20240506AMDHYD2223', 'FC']"
IJBD42,1,"['ZZ20240505AMDHYD2223', 'EC']"
GTJF98,1,"['ZZ20240506AMDHYD2223', 'FC']"
PJHY16,1,"['ZZ20240505AMDHYD2223', 'EC']"
QKVR16,1,"['ZZ20240506AMDHYD2223', 'FC']"
SQHB38,1,"['ZZ20240506AMDHYD2223', 'FC']"
BPLG41,1,"['ZZ20240506AMDHYD2223', 'BC']"
KVIB37,1,"['ZZ20240506AMDHYD2223', 'FC']"
MLIF89,1,"['ZZ20240505AMDHYD2223', 'EC']"
OMAZ43,1,"['ZZ20240506AMDHYD2223', 'FC']"
LSHJ62,1,"['ZZ20240506AMDHYD2223', 'FC']"
MHAO84,1,"['ZZ20240507AMDHYD2223', 'FC']"
MTSE37,1,"['ZZ20240506AMDHYD2223', 'BC']"
GXVH39,1,"['ZZ20240506AMDHYD2223', 'FC']"
MZGK86,1,"['ZZ20240507AMDHYD2223', 'FC']"
YNOD79,1,"['ZZ20240505AMDHYD2223', 'EC']"
JSND24,1,"['ZZ20240506AMDHYD2223', 'BC']"
AFAJ53,1,"['ZZ20240507AMDHYD2223', 'FC']"
DPQG14,1,"['ZZ20240506AMDHYD2223', 'FC']"
GDMM37,1,"['ZZ20240507AMDHYD2223', 'BC']"
AZXJ72,1,"['ZZ20240506AMDHYD2223', 'FC']"
UJCI25,1,"['ZZ20240506AMDHYD2223', 'EC']"
VLMW49,1,"['ZZ20240506AMDHYD2223', 'BC']"
CLJV31,1,"['ZZ20240507AMDHYD2223', 'FC']"
KBKC49,1,"['ZZ20240506AMDHYD2223', 'BC']"
WOLC44,1,"['ZZ20240506AMDHYD2223', 'BC']"
RYVS36,1,"['ZZ20240507AMDHYD2223', 'FC']"
DMVH24,1,"['ZZ20240507AMDHYD2223', 'FC']"
OJCS24,1,"['ZZ20240506AMDHYD2223', 'BC']"
PRWK90,1,"['ZZ20240506AMDHYD2223', 'BC']"
PDRR44,1,"['ZZ20240506AMDHYD2223', 'FC']"
GARS29,1,"['ZZ20240507AMDHYD2223', 'PC']"
YFIU24,1,"['ZZ20240507AMDHYD2223', 'FC']"
OKCL60,1,"['ZZ20240507AMDHYD2223', 'BC']"
ZOEZ83,1,"['ZZ20240506AMDHYD2223', 'EC']"
EJFI16,1,"['ZZ20240507AMDHYD2223', 'FC']"
XSMW19,1,"['ZZ20240506AMDHYD2223', 'BC']"
OIZU50,1,"['ZZ20240507AMDHYD2223', 'BC']"
QHBU69,1,"['ZZ20240507AMDHYD2223', 'PC']"
VLAB49,1,"['ZZ20240507AMDHYD2223', 'FC']"
KNWZ24,1,"['ZZ20240507AMDHYD2223', 'BC']"
XKFB77,1,"['ZZ20240507AMDHYD2223', 'BC']"
OUMW51,1,"['ZZ20240507AMDHYD2223', 'BC']"
METW43,1,"['ZZ20240507AMDHYD2223', 'FC']"
TQRJ42,1,"['ZZ20240506AMDHYD2223', 'FC']"
XSWS69,1,"['ZZ20240506AMDHYD2223', 'EC']"
CAEI40,1,"['ZZ20240506AMDHYD2223', 'BC']"
MPZM21,1,"['ZZ20240506AMDHYD2223', 'FC']"
BGTR69,1,"['ZZ20240506AMDHYD2223', 'EC']"
PZTV81,1,"['ZZ20240506AMDHYD2223', 'EC']"
