VBND61,1,"['ZZ20240506AMDHYD2223', 'FC']"
NLHD46,1,"['ZZ20240505AMDHYD2223', 'EC']"
DDIA25,1,"['ZZ20240505AMDHYD2223', 'EC']"
KPPD59,1,"['ZZ20240506AMDHYD2223', 'FC']"
JLHE38,1,"['ZZ20240506AMDHYD2223', 'BC']"
AVKH79,1,"['ZZ20240506AMDHYD2223', 'FC']"
BTKY23,1,"['ZZ20240506AMDHYD2223', 'FC']"
DYYT32,1,"['ZZ20240505AMDHYD2223', 'EC']"
IJBD42,1,"['ZZ20240505AMDHYD2223', 'EC']"
GTJF98,1,"['ZZ20240505AMDHYD2223', 'EC']"
PJHY16,1,"['ZZ20240505AMDHYD2223', 'EC']"
DUFI36,1,"['ZZ20240506AMDHYD2223', 'FC']"
QKVR16,1,"['ZZ20240505AMDHYD2223', 'EC']"
VZID92,1,"['ZZ20240507AMDHYD2223', 'FC']"
SQHB38,1,"['ZZ20240506AMDHYD2223', 'FC']"
BPLG41,1,"['ZZ20240506AMDHYD2223', 'FC']"
QEWH24,1,"['ZZ20240507AMDHYD2223', 'FC']"
GMTF21,1,"['ZZ20240506AMDHYD2223', 'BC']"
KVIB37,1,"['ZZ20240505AMDHYD2223', 'EC']"
MLIF89,1,"['ZZ20240505AMDHYD2223', 'EC']"
LSHJ62,1,"['ZZ20240505AMDHYD2223', 'EC']"
SLPS17,1,"['ZZ20240507AMDHYD2223', 'FC']"
GXVH39,1,"['ZZ20240507AMDHYD2223', 'FC']"
MZGK86,1,"['ZZ20240506AMDHYD2223', 'FC']"
YNOD79,1,"['ZZ20240505AMDHYD2223', 'EC']"
AFAJ53,1,"['ZZ20240505AMDHYD2223', 'EC']"
DPQG14,1,"['ZZ20240506AMDHYD2223', 'EC']"
GDMM37,1,"['ZZ20240506AMDHYD2223', 'BC']"
AZXJ72,1,"['ZZ20240507AMDHYD2223', 'FC']"
UJCI25,1,"['ZZ20240507AMDHYD2223', 'PC']"
ZNZT72,1,"['ZZ20240506AMDHYD2223', 'BC']"
VLMW49,1,"['ZZ20240507AMDHYD2223', 'FC']"
WOLC44,1,"['ZZ20240506AMDHYD2223', 'EC']"
RYVS36,1,"['ZZ20240506AMDHYD2223', 'EC']"
DMVH24,1,"['ZZ20240507AMDHYD2223', 'FC']"
RSWK81,1,"['ZZ20240506AMDHYD2223', 'BC']"
PRWK90,1,"['ZZ20240507AMDHYD2223', 'BC']"
MEGA93,1,"['ZZ20240506AMDHYD2223', 'BC']"
PDRR44,1,"['ZZ20240505AMDHYD2223', 'EC']"
LOBZ81,1,"['ZZ20240506AMDHYD2223', 'FC']"
UKSB86,1,"['ZZ20240507AMDHYD2223', 'FC']"
GARS29,1,"['ZZ20240507AMDHYD2223', 'FC']"
GJFY51,1,"['ZZ20240506AMDHYD2223', 'FC']"
OKCL60,1,"['ZZ20240507AMDHYD2223', 'PC']"
ZOEZ83,1,"['ZZ20240506AMDHYD2223', 'EC']"
EJFI16,1,"['ZZ20240507AMDHYD2223', 'BC']"
XSMW19,1,"['ZZ20240506AMDHYD2223', 'BC']"
QHBU69,1,"['ZZ20240507AMDHYD2223', 'FC']"
VLAB49,1,"['ZZ20240506AMDHYD2223', 'EC']"
BBMY48,1,"['ZZ20240506AMDHYD2223', 'BC']"
KNWZ24,1,"['ZZ20240507AMDHYD2223', 'BC']"
XKFB77,1,"['ZZ20240507AMDHYD2223', 'BC']"
OUMW51,1,"['ZZ20240507AMDHYD2223', 'FC']"
METW43,1,"['ZZ20240506AMDHYD2223', 'EC']"
TQRJ42,1,"['ZZ20240506AMDHYD2223', 'FC']"
XSWS69,1,"['ZZ20240507AMDHYD2223', 'BC']"
CAEI40,1,"['ZZ20240507AMDHYD2223', 'BC']"
MPZM21,1,"['ZZ20240506AMDHYD2223', 'FC']"
BGTR69,1,"['ZZ20240506AMDHYD2223', 'EC']"
ARQD42,1,"['ZZ20240505AMDHYD2223', 'EC']"
