IYUS58,1,"['ZZ20240624GAUPNQ3440', 'FC']"
SUWJ92,1,"['ZZ20240623GAUPNQ3440', 'EC']"
JAJA16,1,"['ZZ20240623GAUPNQ3440', 'EC']"
OVER77,1,"['ZZ20240624GAUPNQ3440', 'FC']"
XEDC19,1,"['ZZ20240624GAUPNQ3440', 'BC']"
LLJS84,1,"['ZZ20240623GAUPNQ3440', 'EC']"
PBRM16,1,"['ZZ20240623GAUPNQ3440', 'EC']"
XURB90,1,"['ZZ20240624GAUPNQ3440', 'FC']"
IMGR81,1,"['ZZ20240624GAUPNQ3440', 'BC']"
DYDU45,1,"['ZZ20240624GAUPNQ3440', 'FC']"
GKBH21,1,"['ZZ20240624GAUPNQ3440', 'FC']"
ESIG23,1,"['ZZ20240624GAUPNQ3440', 'BC']"
XWWR12,1,"['ZZ20240624GAUPNQ3440', 'BC']"
FFKV79,1,"['ZZ20240624GAUPNQ3440', 'BC']"
