IYUS58,1,"['ZZ20240624GAUPNQ3440', 'BC']"
SUWJ92,1,"['ZZ20240624GAUPNQ3440', 'FC']"
JAJA16,1,"['ZZ20240623GAUPNQ3440', 'EC']"
OVER77,1,"['ZZ20240624GAUPNQ3440', 'BC']"
XEDC19,1,"['ZZ20240624GAUPNQ3440', 'BC']"
LLJS84,1,"['ZZ20240624GAUPNQ3440', 'BC']"
PBRM16,1,"['ZZ20240624GAUPNQ3440', 'BC']"
NRCO81,1,"['ZZ20240624GAUPNQ3440', 'BC']"
XURB90,1,"['ZZ20240624GAUPNQ3440', 'BC']"
DIFX89,1,"['ZZ20240624GAUPNQ3440', 'BC']"
IMGR81,1,"['ZZ20240623GAUPNQ3440', 'EC']"
DYDU45,1,"['ZZ20240624GAUPNQ3440', 'FC']"
GKBH21,1,"['ZZ20240624GAUPNQ3440', 'BC']"
TIVE40,1,"['ZZ20240624GAUPNQ3440', 'FC']"
FFKV79,1,"['ZZ20240624GAUPNQ3440', 'BC']"
FOGQ38,1,"['ZZ20240623GAUPNQ3440', 'EC']"
