ECGC84,1,"['ZZ20240527AMDHYD2223', 'PC']"
QFKM37,1,"['ZZ20240527AMDHYD2223', 'PC']"
BHSG60,1,"['ZZ20240527AMDHYD2223', 'PC']"
EUZQ70,1,"['ZZ20240527AMDHYD2223', 'PC']"
SNAI79,1,"['ZZ20240527AMDHYD2223', 'PC']"
QYSL16,1,"['ZZ20240527AMDHYD2223', 'PC']"
UJIR86,1,"['ZZ20240527AMDHYD2223', 'PC']"
OENO89,1,"['ZZ20240527AMDHYD2223', 'PC']"
JPUP67,1,"['ZZ20240527AMDHYD2223', 'PC']"
BURL42,1,"['ZZ20240527AMDHYD2223', 'PC']"
MHZO35,1,"['ZZ20240527AMDHYD2223', 'PC']"
WFMM25,1,"['ZZ20240527AMDHYD2223', 'PC']"
VJZU16,1,"['ZZ20240527AMDHYD2223', 'PC']"
OYQE93,1,"['ZZ20240527AMDHYD2223', 'PC']"
GQNS26,1,"['ZZ20240527AMDHYD2223', 'PC']"
