VBND61,1,"['ZZ20240505AMDHYD2223', 'EC']"
NLHD46,1,"['ZZ20240505AMDHYD2223', 'EC']"
SSLU58,1,"['ZZ20240506AMDHYD2223', 'EC']"
DDIA25,1,"['ZZ20240505AMDHYD2223', 'EC']"
DJWG48,1,"['ZZ20240506AMDHYD2223', 'BC']"
KPPD59,1,"['ZZ20240505AMDHYD2223', 'EC']"
JLHE38,1,"['ZZ20240506AMDHYD2223', 'FC']"
AVKH79,1,"['ZZ20240506AMDHYD2223', 'FC']"
DYYT32,1,"['ZZ20240505AMDHYD2223', 'EC']"
IJBD42,1,"['ZZ20240506AMDHYD2223', 'FC']"
GTJF98,1,"['ZZ20240506AMDHYD2223', 'FC']"
SFDU26,1,"['ZZ20240506AMDHYD2223', 'BC']"
PJHY16,1,"['ZZ20240506AMDHYD2223', 'BC']"
DUFI36,1,"['ZZ20240506AMDHYD2223', 'FC']"
QKVR16,1,"['ZZ20240506AMDHYD2223', 'FC']"
SQHB38,1,"['ZZ20240506AMDHYD2223', 'FC']"
QVWF37,1,"['ZZ20240506AMDHYD2223', 'BC']"
BPLG41,1,"['ZZ20240506AMDHYD2223', 'EC']"
QEWH24,1,"['ZZ20240505AMDHYD2223', 'EC']"
GMTF21,1,"['ZZ20240507AMDHYD2223', 'FC']"
KVIB37,1,"['ZZ20240505AMDHYD2223', 'EC']"
OMAZ43,1,"['ZZ20240506AMDHYD2223', 'EC']"
LSHJ62,1,"['ZZ20240505AMDHYD2223', 'EC']"
MHAO84,1,"['ZZ20240506AMDHYD2223', 'BC']"
MTSE37,1,"['ZZ20240506AMDHYD2223', 'BC']"
MZGK86,1,"['ZZ20240506AMDHYD2223', 'FC']"
YNOD79,1,"['ZZ20240506AMDHYD2223', 'BC']"
JSND24,1,"['ZZ20240506AMDHYD2223', 'FC']"
GDMM37,1,"['ZZ20240506AMDHYD2223', 'BC']"
AZXJ72,1,"['ZZ20240507AMDHYD2223', 'FC']"
ZNZT72,1,"['ZZ20240506AMDHYD2223', 'FC']"
VLMW49,1,"['ZZ20240507AMDHYD2223', 'BC']"
CLJV31,1,"['ZZ20240506AMDHYD2223', 'BC']"
RYVS36,1,"['ZZ20240506AMDHYD2223', 'FC']"
OJCS24,1,"['ZZ20240507AMDHYD2223', 'FC']"
PRWK90,1,"['ZZ20240506AMDHYD2223', 'BC']"
MEGA93,1,"['ZZ20240506AMDHYD2223', 'BC']"
MMYG89,1,"['ZZ20240506AMDHYD2223', 'FC']"
GJFY51,1,"['ZZ20240505AMDHYD2223', 'EC']"
OKCL60,1,"['ZZ20240507AMDHYD2223', 'PC']"
ZOEZ83,1,"['ZZ20240506AMDHYD2223', 'EC']"
EJFI16,1,"['ZZ20240506AMDHYD2223', 'BC']"
OIZU50,1,"['ZZ20240506AMDHYD2223', 'EC']"
QHBU69,1,"['ZZ20240506AMDHYD2223', 'FC']"
BBMY48,1,"['ZZ20240506AMDHYD2223', 'BC']"
KNWZ24,1,"['ZZ20240507AMDHYD2223', 'BC']"
XKFB77,1,"['ZZ20240507AMDHYD2223', 'BC']"
YEHF35,1,"['ZZ20240507AMDHYD2223', 'BC']"
OUMW51,1,"['ZZ20240507AMDHYD2223', 'BC']"
TQRJ42,1,"['ZZ20240507AMDHYD2223', 'FC']"
XSWS69,1,"['ZZ20240507AMDHYD2223', 'FC']"
MPZM21,1,"['ZZ20240505AMDHYD2223', 'EC']"
PZTV81,1,"['ZZ20240507AMDHYD2223', 'FC']"
