VBND61,1,"['ZZ20240506AMDHYD2223', 'BC']"
NLHD46,1,"['ZZ20240505AMDHYD2223', 'EC']"
SSLU58,1,"['ZZ20240505AMDHYD2223', 'EC']"
DDIA25,1,"['ZZ20240506AMDHYD2223', 'FC']"
DJWG48,1,"['ZZ20240506AMDHYD2223', 'FC']"
KPPD59,1,"['ZZ20240505AMDHYD2223', 'EC']"
JLHE38,1,"['ZZ20240506AMDHYD2223', 'FC']"
BTKY23,1,"['ZZ20240505AMDHYD2223', 'EC']"
DYYT32,1,"['ZZ20240505AMDHYD2223', 'EC']"
IJBD42,1,"['ZZ20240505AMDHYD2223', 'EC']"
GTJF98,1,"['ZZ20240505AMDHYD2223', 'EC']"
QKVR16,1,"['ZZ20240506AMDHYD2223', 'FC']"
SQHB38,1,"['ZZ20240505AMDHYD2223', 'EC']"
BPLG41,1,"['ZZ20240506AMDHYD2223', 'BC']"
GMTF21,1,"['ZZ20240507AMDHYD2223', 'FC']"
MLIF89,1,"['ZZ20240506AMDHYD2223', 'BC']"
OMAZ43,1,"['ZZ20240506AMDHYD2223', 'BC']"
MHAO84,1,"['ZZ20240506AMDHYD2223', 'FC']"
MTSE37,1,"['ZZ20240506AMDHYD2223', 'FC']"
SLPS17,1,"['ZZ20240506AMDHYD2223', 'BC']"
MZGK86,1,"['ZZ20240506AMDHYD2223', 'BC']"
JSND24,1,"['ZZ20240506AMDHYD2223', 'BC']"
AFAJ53,1,"['ZZ20240506AMDHYD2223', 'BC']"
GDMM37,1,"['ZZ20240507AMDHYD2223', 'FC']"
AZXJ72,1,"['ZZ20240507AMDHYD2223', 'FC']"
ZNZT72,1,"['ZZ20240506AMDHYD2223', 'FC']"
VLMW49,1,"['ZZ20240507AMDHYD2223', 'FC']"
CLJV31,1,"['ZZ20240505AMDHYD2223', 'EC']"
KBKC49,1,"['ZZ20240507AMDHYD2223', 'BC']"
OJCS24,1,"['ZZ20240507AMDHYD2223', 'FC']"
RSWK81,1,"['ZZ20240506AMDHYD2223', 'BC']"
MEGA93,1,"['ZZ20240506AMDHYD2223', 'EC']"
MMYG89,1,"['ZZ20240506AMDHYD2223', 'BC']"
LOBZ81,1,"['ZZ20240506AMDHYD2223', 'FC']"
UKSB86,1,"['ZZ20240506AMDHYD2223', 'BC']"
GARS29,1,"['ZZ20240507AMDHYD2223', 'FC']"
GJFY51,1,"['ZZ20240506AMDHYD2223', 'BC']"
OKCL60,1,"['ZZ20240507AMDHYD2223', 'PC']"
ZOEZ83,1,"['ZZ20240506AMDHYD2223', 'BC']"
EJFI16,1,"['ZZ20240506AMDHYD2223', 'FC']"
XSMW19,1,"['ZZ20240506AMDHYD2223', 'BC']"
OIZU50,1,"['ZZ20240506AMDHYD2223', 'FC']"
VLAB49,1,"['ZZ20240506AMDHYD2223', 'BC']"
BBMY48,1,"['ZZ20240506AMDHYD2223', 'FC']"
KNWZ24,1,"['ZZ20240507AMDHYD2223', 'BC']"
XKFB77,1,"['ZZ20240507AMDHYD2223', 'BC']"
YEHF35,1,"['ZZ20240507AMDHYD2223', 'BC']"
OUMW51,1,"['ZZ20240506AMDHYD2223', 'EC']"
MPZM21,1,"['ZZ20240506AMDHYD2223', 'BC']"
BGTR69,1,"['ZZ20240507AMDHYD2223', 'FC']"
PZTV81,1,"['ZZ20240507AMDHYD2223', 'BC']"
