QFKM37,1,"['ZZ20240527AMDHYD2223', 'PC']"
DOEY48,1,"['ZZ20240527AMDHYD2223', 'PC']"
SISG61,1,"['ZZ20240527AMDHYD2223', 'PC']"
MMCS10,1,"['ZZ20240527AMDHYD2223', 'PC']"
LDPF56,1,"['ZZ20240527AMDHYD2223', 'PC']"
OENO89,1,"['ZZ20240527AMDHYD2223', 'PC']"
VVQP77,1,"['ZZ20240527AMDHYD2223', 'PC']"
VFRT71,1,"['ZZ20240527AMDHYD2223', 'PC']"
PERW12,1,"['ZZ20240527AMDHYD2223', 'PC']"
WFMM25,1,"['ZZ20240527AMDHYD2223', 'PC']"
FXQY32,1,"['ZZ20240527AMDHYD2223', 'PC']"
MCDU18,1,"['ZZ20240527AMDHYD2223', 'PC']"
OYQE93,1,"['ZZ20240527AMDHYD2223', 'PC']"
