NLHD46,1,"['ZZ20240506AMDHYD2223', 'PC']"
VZID92,1,"['ZZ20240506AMDHYD2223', 'PC']"
QVWF37,1,"['ZZ20240506AMDHYD2223', 'PC']"
KVIB37,1,"['ZZ20240506AMDHYD2223', 'PC']"
MLIF89,1,"['ZZ20240506AMDHYD2223', 'PC']"
MHAO84,1,"['ZZ20240506AMDHYD2223', 'PC']"
SLPS17,1,"['ZZ20240506AMDHYD2223', 'PC']"
YNOD79,1,"['ZZ20240506AMDHYD2223', 'PC']"
AFAJ53,1,"['ZZ20240506AMDHYD2223', 'PC']"
AZXJ72,1,"['ZZ20240506AMDHYD2223', 'PC']"
UJCI25,1,"['ZZ20240506AMDHYD2223', 'PC']"
CLJV31,1,"['ZZ20240506AMDHYD2223', 'PC']"
WOLC44,1,"['ZZ20240506AMDHYD2223', 'PC']"
RYVS36,1,"['ZZ20240506AMDHYD2223', 'PC']"
DMVH24,1,"['ZZ20240506AMDHYD2223', 'PC']"
PRWK90,1,"['ZZ20240506AMDHYD2223', 'PC']"
PDRR44,1,"['ZZ20240506AMDHYD2223', 'PC']"
GARS29,1,"['ZZ20240506AMDHYD2223', 'PC']"
GJFY51,1,"['ZZ20240506AMDHYD2223', 'PC']"
OKCL60,1,"['ZZ20240506AMDHYD2223', 'PC']"
ZOEZ83,1,"['ZZ20240506AMDHYD2223', 'PC']"
EJFI16,1,"['ZZ20240506AMDHYD2223', 'PC']"
OIZU50,1,"['ZZ20240506AMDHYD2223', 'PC']"
XSWS69,1,"['ZZ20240506AMDHYD2223', 'PC']"
CAEI40,1,"['ZZ20240506AMDHYD2223', 'PC']"
BGTR69,1,"['ZZ20240506AMDHYD2223', 'PC']"
ARQD42,1,"['ZZ20240506AMDHYD2223', 'PC']"
