VBND61,1,"['ZZ20240505AMDHYD2223', 'EC']"
SSLU58,1,"['ZZ20240506AMDHYD2223', 'FC']"
DDIA25,1,"['ZZ20240505AMDHYD2223', 'EC']"
DJWG48,1,"['ZZ20240505AMDHYD2223', 'EC']"
KPPD59,1,"['ZZ20240505AMDHYD2223', 'EC']"
JLHE38,1,"['ZZ20240506AMDHYD2223', 'FC']"
AVKH79,1,"['ZZ20240506AMDHYD2223', 'FC']"
BTKY23,1,"['ZZ20240506AMDHYD2223', 'FC']"
DYYT32,1,"['ZZ20240505AMDHYD2223', 'EC']"
IJBD42,1,"['ZZ20240505AMDHYD2223', 'EC']"
GTJF98,1,"['ZZ20240505AMDHYD2223', 'EC']"
SFDU26,1,"['ZZ20240506AMDHYD2223', 'FC']"
PJHY16,1,"['ZZ20240506AMDHYD2223', 'FC']"
DUFI36,1,"['ZZ20240505AMDHYD2223', 'EC']"
QKVR16,1,"['ZZ20240506AMDHYD2223', 'BC']"
SQHB38,1,"['ZZ20240506AMDHYD2223', 'FC']"
BPLG41,1,"['ZZ20240506AMDHYD2223', 'BC']"
QEWH24,1,"['ZZ20240506AMDHYD2223', 'BC']"
GMTF21,1,"['ZZ20240506AMDHYD2223', 'BC']"
OMAZ43,1,"['ZZ20240506AMDHYD2223', 'BC']"
LSHJ62,1,"['ZZ20240505AMDHYD2223', 'EC']"
MTSE37,1,"['ZZ20240505AMDHYD2223', 'EC']"
GXVH39,1,"['ZZ20240506AMDHYD2223', 'FC']"
MZGK86,1,"['ZZ20240506AMDHYD2223', 'FC']"
JSND24,1,"['ZZ20240506AMDHYD2223', 'FC']"
DPQG14,1,"['ZZ20240505AMDHYD2223', 'EC']"
GDMM37,1,"['ZZ20240507AMDHYD2223', 'PC']"
AZXJ72,1,"['ZZ20240506AMDHYD2223', 'FC']"
ZNZT72,1,"['ZZ20240507AMDHYD2223', 'BC']"
VLMW49,1,"['ZZ20240507AMDHYD2223', 'PC']"
KBKC49,1,"['ZZ20240507AMDHYD2223', 'FC']"
OJCS24,1,"['ZZ20240506AMDHYD2223', 'EC']"
RSWK81,1,"['ZZ20240507AMDHYD2223', 'BC']"
MEGA93,1,"['ZZ20240506AMDHYD2223', 'BC']"
MMYG89,1,"['ZZ20240505AMDHYD2223', 'EC']"
LOBZ81,1,"['ZZ20240506AMDHYD2223', 'BC']"
UKSB86,1,"['ZZ20240507AMDHYD2223', 'FC']"
YFIU24,1,"['ZZ20240506AMDHYD2223', 'BC']"
XSMW19,1,"['ZZ20240506AMDHYD2223', 'BC']"
QHBU69,1,"['ZZ20240506AMDHYD2223', 'EC']"
VLAB49,1,"['ZZ20240506AMDHYD2223', 'BC']"
BBMY48,1,"['ZZ20240506AMDHYD2223', 'BC']"
KNWZ24,1,"['ZZ20240507AMDHYD2223', 'FC']"
XKFB77,1,"['ZZ20240507AMDHYD2223', 'BC']"
YEHF35,1,"['ZZ20240507AMDHYD2223', 'BC']"
OUMW51,1,"['ZZ20240507AMDHYD2223', 'FC']"
METW43,1,"['ZZ20240507AMDHYD2223', 'BC']"
TQRJ42,1,"['ZZ20240506AMDHYD2223', 'BC']"
MPZM21,1,"['ZZ20240506AMDHYD2223', 'BC']"
PZTV81,1,"['ZZ20240507AMDHYD2223', 'PC']"
