REJQ98,1,"['ZZ20240527AMDHYD2223', 'PC']"
RYQN10,1,"['ZZ20240527AMDHYD2223', 'PC']"
NBJC80,1,"['ZZ20240527AMDHYD2223', 'PC']"
QFKM37,1,"['ZZ20240527AMDHYD2223', 'PC']"
NOIK42,1,"['ZZ20240527AMDHYD2223', 'PC']"
AEVE30,1,"['ZZ20240527AMDHYD2223', 'PC']"
SNAI79,1,"['ZZ20240527AMDHYD2223', 'PC']"
DOEY48,1,"['ZZ20240527AMDHYD2223', 'PC']"
OENO89,1,"['ZZ20240527AMDHYD2223', 'PC']"
VVQP77,1,"['ZZ20240527AMDHYD2223', 'PC']"
LOEP30,1,"['ZZ20240527AMDHYD2223', 'PC']"
VFRT71,1,"['ZZ20240527AMDHYD2223', 'PC']"
GZPK82,1,"['ZZ20240527AMDHYD2223', 'PC']"
WFMM25,1,"['ZZ20240527AMDHYD2223', 'PC']"
MCDU18,1,"['ZZ20240527AMDHYD2223', 'PC']"
UWCA53,1,"['ZZ20240527AMDHYD2223', 'PC']"
