SSLU58,1,"['ZZ20240506AMDHYD2223', 'PC']"
SFDU26,1,"['ZZ20240506AMDHYD2223', 'PC']"
VZID92,1,"['ZZ20240506AMDHYD2223', 'PC']"
QVWF37,1,"['ZZ20240506AMDHYD2223', 'PC']"
MLIF89,1,"['ZZ20240506AMDHYD2223', 'PC']"
JSND24,1,"['ZZ20240506AMDHYD2223', 'PC']"
AFAJ53,1,"['ZZ20240506AMDHYD2223', 'PC']"
DPQG14,1,"['ZZ20240506AMDHYD2223', 'PC']"
AZXJ72,1,"['ZZ20240506AMDHYD2223', 'PC']"
AZXJ72,1,"['ZZ20240506AMDHYD2223', 'PC']"
UJCI25,1,"['ZZ20240506AMDHYD2223', 'PC']"
VLMW49,1,"['ZZ20240506AMDHYD2223', 'PC']"
WOLC44,1,"['ZZ20240506AMDHYD2223', 'PC']"
RYVS36,1,"['ZZ20240506AMDHYD2223', 'PC']"
DMVH24,1,"['ZZ20240506AMDHYD2223', 'PC']"
PRWK90,1,"['ZZ20240506AMDHYD2223', 'PC']"
PDRR44,1,"['ZZ20240506AMDHYD2223', 'PC']"
OKCL60,1,"['ZZ20240506AMDHYD2223', 'PC']"
ZOEZ83,1,"['ZZ20240506AMDHYD2223', 'PC']"
XSMW19,1,"['ZZ20240506AMDHYD2223', 'PC']"
XSWS69,1,"['ZZ20240506AMDHYD2223', 'PC']"
MPZM21,1,"['ZZ20240506AMDHYD2223', 'PC']"
ARQD42,1,"['ZZ20240506AMDHYD2223', 'PC']"
PZTV81,1,"['ZZ20240506AMDHYD2223', 'PC']"
