NLHD46,1,"['ZZ20240506AMDHYD2223', 'PC']"
SSLU58,1,"['ZZ20240506AMDHYD2223', 'PC']"
DDIA25,1,"['ZZ20240506AMDHYD2223', 'PC']"
KPPD59,1,"['ZZ20240506AMDHYD2223', 'PC']"
SFDU26,1,"['ZZ20240506AMDHYD2223', 'PC']"
PJHY16,1,"['ZZ20240506AMDHYD2223', 'PC']"
DUFI36,1,"['ZZ20240506AMDHYD2223', 'PC']"
VZID92,1,"['ZZ20240506AMDHYD2223', 'PC']"
QVWF37,1,"['ZZ20240506AMDHYD2223', 'PC']"
GMTF21,1,"['ZZ20240506AMDHYD2223', 'PC']"
MLIF89,1,"['ZZ20240506AMDHYD2223', 'PC']"
LSHJ62,1,"['ZZ20240506AMDHYD2223', 'PC']"
MHAO84,1,"['ZZ20240506AMDHYD2223', 'PC']"
MTSE37,1,"['ZZ20240506AMDHYD2223', 'PC']"
DPQG14,1,"['ZZ20240506AMDHYD2223', 'PC']"
AZXJ72,1,"['ZZ20240506AMDHYD2223', 'PC']"
UJCI25,1,"['ZZ20240506AMDHYD2223', 'PC']"
CLJV31,1,"['ZZ20240506AMDHYD2223', 'PC']"
RYVS36,1,"['ZZ20240506AMDHYD2223', 'PC']"
DMVH24,1,"['ZZ20240506AMDHYD2223', 'PC']"
RSWK81,1,"['ZZ20240506AMDHYD2223', 'PC']"
PDRR44,1,"['ZZ20240506AMDHYD2223', 'PC']"
UKSB86,1,"['ZZ20240506AMDHYD2223', 'PC']"
GARS29,1,"['ZZ20240506AMDHYD2223', 'PC']"
OIZU50,1,"['ZZ20240506AMDHYD2223', 'PC']"
VLAB49,1,"['ZZ20240506AMDHYD2223', 'PC']"
METW43,1,"['ZZ20240506AMDHYD2223', 'PC']"
XSWS69,1,"['ZZ20240506AMDHYD2223', 'PC']"
BGTR69,1,"['ZZ20240506AMDHYD2223', 'PC']"
ARQD42,1,"['ZZ20240506AMDHYD2223', 'PC']"
