VBND61,1,"['ZZ20240506AMDHYD2223', 'FC']"
NLHD46,1,"['ZZ20240505AMDHYD2223', 'EC']"
SSLU58,1,"['ZZ20240507AMDHYD2223', 'FC']"
DDIA25,1,"['ZZ20240505AMDHYD2223', 'EC']"
DJWG48,1,"['ZZ20240505AMDHYD2223', 'EC']"
KPPD59,1,"['ZZ20240505AMDHYD2223', 'EC']"
AVKH79,1,"['ZZ20240506AMDHYD2223', 'BC']"
BTKY23,1,"['ZZ20240506AMDHYD2223', 'BC']"
DYYT32,1,"['ZZ20240505AMDHYD2223', 'EC']"
IJBD42,1,"['ZZ20240505AMDHYD2223', 'EC']"
GTJF98,1,"['ZZ20240506AMDHYD2223', 'FC']"
PJHY16,1,"['ZZ20240506AMDHYD2223', 'BC']"
SQHB38,1,"['ZZ20240506AMDHYD2223', 'FC']"
QEWH24,1,"['ZZ20240505AMDHYD2223', 'EC']"
LSHJ62,1,"['ZZ20240505AMDHYD2223', 'EC']"
MHAO84,1,"['ZZ20240505AMDHYD2223', 'EC']"
MTSE37,1,"['ZZ20240506AMDHYD2223', 'BC']"
SLPS17,1,"['ZZ20240506AMDHYD2223', 'FC']"
GXVH39,1,"['ZZ20240506AMDHYD2223', 'FC']"
MZGK86,1,"['ZZ20240506AMDHYD2223', 'FC']"
AFAJ53,1,"['ZZ20240506AMDHYD2223', 'BC']"
AZXJ72,1,"['ZZ20240506AMDHYD2223', 'BC']"
AZXJ72,1,"['ZZ20240506AMDHYD2223', 'BC']"
UJCI25,1,"['ZZ20240506AMDHYD2223', 'FC']"
ZNZT72,1,"['ZZ20240506AMDHYD2223', 'FC']"
VLMW49,1,"['ZZ20240506AMDHYD2223', 'EC']"
CLJV31,1,"['ZZ20240506AMDHYD2223', 'FC']"
KBKC49,1,"['ZZ20240507AMDHYD2223', 'BC']"
WOLC44,1,"['ZZ20240506AMDHYD2223', 'FC']"
RYVS36,1,"['ZZ20240505AMDHYD2223', 'EC']"
DMVH24,1,"['ZZ20240505AMDHYD2223', 'EC']"
OJCS24,1,"['ZZ20240507AMDHYD2223', 'BC']"
RSWK81,1,"['ZZ20240507AMDHYD2223', 'FC']"
PRWK90,1,"['ZZ20240507AMDHYD2223', 'PC']"
LOBZ81,1,"['ZZ20240505AMDHYD2223', 'EC']"
UKSB86,1,"['ZZ20240506AMDHYD2223', 'BC']"
YFIU24,1,"['ZZ20240506AMDHYD2223', 'FC']"
GJFY51,1,"['ZZ20240506AMDHYD2223', 'BC']"
OKCL60,1,"['ZZ20240507AMDHYD2223', 'FC']"
EJFI16,1,"['ZZ20240507AMDHYD2223', 'BC']"
XSMW19,1,"['ZZ20240506AMDHYD2223', 'BC']"
QHBU69,1,"['ZZ20240506AMDHYD2223', 'FC']"
VLAB49,1,"['ZZ20240506AMDHYD2223', 'EC']"
BBMY48,1,"['ZZ20240506AMDHYD2223', 'BC']"
KNWZ24,1,"['ZZ20240507AMDHYD2223', 'FC']"
XKFB77,1,"['ZZ20240507AMDHYD2223', 'BC']"
YEHF35,1,"['ZZ20240507AMDHYD2223', 'BC']"
OUMW51,1,"['ZZ20240506AMDHYD2223', 'EC']"
TQRJ42,1,"['ZZ20240506AMDHYD2223', 'BC']"
XSWS69,1,"['ZZ20240506AMDHYD2223', 'BC']"
CAEI40,1,"['ZZ20240506AMDHYD2223', 'BC']"
BGTR69,1,"['ZZ20240506AMDHYD2223', 'BC']"
PZTV81,1,"['ZZ20240507AMDHYD2223', 'BC']"
