VBND61,1,"['ZZ20240506AMDHYD2223', 'BC']"
NLHD46,1,"['ZZ20240505AMDHYD2223', 'EC']"
SSLU58,1,"['ZZ20240506AMDHYD2223', 'FC']"
DDIA25,1,"['ZZ20240505AMDHYD2223', 'EC']"
DJWG48,1,"['ZZ20240506AMDHYD2223', 'FC']"
KPPD59,1,"['ZZ20240505AMDHYD2223', 'EC']"
JLHE38,1,"['ZZ20240505AMDHYD2223', 'EC']"
AVKH79,1,"['ZZ20240506AMDHYD2223', 'BC']"
BTKY23,1,"['ZZ20240506AMDHYD2223', 'FC']"
DYYT32,1,"['ZZ20240505AMDHYD2223', 'EC']"
IJBD42,1,"['ZZ20240505AMDHYD2223', 'EC']"
GTJF98,1,"['ZZ20240505AMDHYD2223', 'EC']"
SFDU26,1,"['ZZ20240506AMDHYD2223', 'FC']"
PJHY16,1,"['ZZ20240506AMDHYD2223', 'FC']"
DUFI36,1,"['ZZ20240506AMDHYD2223', 'FC']"
QKVR16,1,"['ZZ20240506AMDHYD2223', 'BC']"
VZID92,1,"['ZZ20240506AMDHYD2223', 'FC']"
GMTF21,1,"['ZZ20240505AMDHYD2223', 'EC']"
MLIF89,1,"['ZZ20240505AMDHYD2223', 'EC']"
OMAZ43,1,"['ZZ20240506AMDHYD2223', 'FC']"
MHAO84,1,"['ZZ20240506AMDHYD2223', 'BC']"
MTSE37,1,"['ZZ20240506AMDHYD2223', 'BC']"
SLPS17,1,"['ZZ20240506AMDHYD2223', 'FC']"
MZGK86,1,"['ZZ20240506AMDHYD2223', 'FC']"
YNOD79,1,"['ZZ20240506AMDHYD2223', 'BC']"
GDMM37,1,"['ZZ20240507AMDHYD2223', 'BC']"
ZNZT72,1,"['ZZ20240506AMDHYD2223', 'FC']"
VLMW49,1,"['ZZ20240507AMDHYD2223', 'BC']"
CLJV31,1,"['ZZ20240506AMDHYD2223', 'BC']"
KBKC49,1,"['ZZ20240507AMDHYD2223', 'BC']"
OJCS24,1,"['ZZ20240507AMDHYD2223', 'FC']"
RSWK81,1,"['ZZ20240506AMDHYD2223', 'BC']"
PRWK90,1,"['ZZ20240506AMDHYD2223', 'BC']"
MEGA93,1,"['ZZ20240507AMDHYD2223', 'BC']"
MMYG89,1,"['ZZ20240505AMDHYD2223', 'EC']"
UKSB86,1,"['ZZ20240506AMDHYD2223', 'FC']"
YFIU24,1,"['ZZ20240506AMDHYD2223', 'BC']"
GJFY51,1,"['ZZ20240506AMDHYD2223', 'BC']"
EJFI16,1,"['ZZ20240507AMDHYD2223', 'FC']"
VLAB49,1,"['ZZ20240506AMDHYD2223', 'FC']"
BBMY48,1,"['ZZ20240506AMDHYD2223', 'BC']"
KNWZ24,1,"['ZZ20240507AMDHYD2223', 'BC']"
XKFB77,1,"['ZZ20240506AMDHYD2223', 'EC']"
YEHF35,1,"['ZZ20240507AMDHYD2223', 'FC']"
OUMW51,1,"['ZZ20240507AMDHYD2223', 'FC']"
METW43,1,"['ZZ20240507AMDHYD2223', 'PC']"
XSWS69,1,"['ZZ20240506AMDHYD2223', 'EC']"
CAEI40,1,"['ZZ20240506AMDHYD2223', 'BC']"
MPZM21,1,"['ZZ20240506AMDHYD2223', 'BC']"
BGTR69,1,"['ZZ20240505AMDHYD2223', 'EC']"
PZTV81,1,"['ZZ20240507AMDHYD2223', 'FC']"
