HBRV45,1,"['ZZ20240527AMDHYD2223', 'PC']"
YWZZ61,1,"['ZZ20240527AMDHYD2223', 'PC']"
EUZQ70,1,"['ZZ20240527AMDHYD2223', 'PC']"
MMCS10,1,"['ZZ20240527AMDHYD2223', 'PC']"
VVQP77,1,"['ZZ20240527AMDHYD2223', 'PC']"
ZSET10,1,"['ZZ20240527AMDHYD2223', 'PC']"
LOEP30,1,"['ZZ20240527AMDHYD2223', 'PC']"
VFRT71,1,"['ZZ20240527AMDHYD2223', 'PC']"
GZPK82,1,"['ZZ20240527AMDHYD2223', 'PC']"
WFMM25,1,"['ZZ20240527AMDHYD2223', 'PC']"
FXQY32,1,"['ZZ20240527AMDHYD2223', 'PC']"
OYQE93,1,"['ZZ20240527AMDHYD2223', 'PC']"
