DPVI75,1,"['ZZ20240525AMDHYD4341', 'EC']"
WJKL72,2,"['ZZ20240526AMDMAA4012', 'BC']","['ZZ20240527MAAHYD4704', 'BC']"
HBRV45,1,"['ZZ20240526AMDHYD2223', 'EC']"
TSYL49,2,"['ZZ20240526AMDMAA4012', 'BC']","['ZZ20240527MAAHYD4704', 'FC']"
OOMN81,1,"['ZZ20240525AMDHYD4341', 'EC']"
BEBW83,1,"['ZZ20240525AMDHYD4341', 'EC']"
ZBIO93,2,"['ZZ20240525AMDMAA4012', 'EC']","['ZZ20240526MAAHYD4704', 'EC']"
RGUF40,2,"['ZZ20240526AMDMAA4012', 'FC']","['ZZ20240527MAAHYD4704', 'FC']"
ENCC83,1,"['ZZ20240527AMDHYD2223', 'FC']"
WBZQ94,2,"['ZZ20240525AMDMAA4012', 'EC']","['ZZ20240527MAAHYD4704', 'PC']"
REJQ98,1,"['ZZ20240527AMDHYD2223', 'FC']"
LSEU32,2,"['ZZ20240525AMDMAA4012', 'EC']","['ZZ20240527MAAHYD4704', 'BC']"
RYQN10,2,"['ZZ20240526AMDMAA4012', 'BC']","['ZZ20240527MAAHYD4704', 'FC']"
ECGC84,2,"['ZZ20240525AMDMAA4012', 'EC']","['ZZ20240527MAAHYD4704', 'BC']"
POOV96,1,"['ZZ20240527AMDHYD2223', 'FC']"
NBJC80,1,"['ZZ20240526AMDHYD2223', 'EC']"
QFKM37,2,"['ZZ20240526AMDMAA4012', 'FC']","['ZZ20240527MAAHYD4704', 'FC']"
NOIK42,1,"['ZZ20240527AMDHYD2223', 'FC']"
BHSG60,2,"['ZZ20240526AMDMAA4012', 'FC']","['ZZ20240527MAAHYD4704', 'BC']"
AEVE30,1,"['ZZ20240527AMDHYD2223', 'FC']"
YWZZ61,1,"['ZZ20240528AMDHYD4341', 'FC']"
KDVW48,1,"['ZZ20240527AMDHYD2223', 'BC']"
HHZI45,1,"['ZZ20240527AMDHYD2223', 'BC']"
SNAI79,1,"['ZZ20240527AMDHYD2223', 'EC']"
YQLK54,2,"['ZZ20240526AMDMAA4012', 'FC']","['ZZ20240527MAAHYD4704', 'BC']"
DOEY48,1,"['ZZ20240527AMDHYD2223', 'FC']"
SISG61,2,"['ZZ20240526AMDMAA4012', 'FC']","['ZZ20240527MAAHYD4704', 'FC']"
MMCS10,2,"['ZZ20240526AMDMAA4012', 'FC']","['ZZ20240527MAAHYD4704', 'PC']"
QYSL16,1,"['ZZ20240527AMDHYD2223', 'BC']"
JCSS97,1,"['ZZ20240527AMDHYD2223', 'BC']"
VVQP77,1,"['ZZ20240527AMDHYD2223', 'BC']"
JPUP67,2,"['ZZ20240525AMDMAA4012', 'EC']","['ZZ20240526MAAHYD4704', 'EC']"
HXNK36,2,"['ZZ20240526AMDMAA4012', 'BC']","['ZZ20240527MAAHYD4704', 'PC']"
LOEP30,2,"['ZZ20240526AMDMAA4012', 'FC']","['ZZ20240527MAAHYD4704', 'PC']"
VFRT71,1,"['ZZ20240527AMDHYD2223', 'FC']"
BURL42,1,"['ZZ20240527AMDHYD2223', 'BC']"
GZPK82,1,"['ZZ20240527AMDHYD2223', 'BC']"
MHZO35,2,"['ZZ20240526AMDMAA4012', 'FC']","['ZZ20240526MAAHYD4704', 'EC']"
WFMM25,1,"['ZZ20240526AMDHYD2223', 'EC']"
VEPU53,1,"['ZZ20240527AMDHYD2223', 'BC']"
MCDU18,1,"['ZZ20240527AMDHYD2223', 'FC']"
VJZU16,2,"['ZZ20240526AMDMAA4012', 'BC']","['ZZ20240527MAAHYD4704', 'PC']"
OYQE93,1,"['ZZ20240527AMDHYD2223', 'FC']"
UWCA53,2,"['ZZ20240526AMDMAA4012', 'FC']","['ZZ20240527MAAHYD4704', 'BC']"
GQNS26,2,"['ZZ20240526AMDMAA4012', 'BC']","['ZZ20240527MAAHYD4704', 'PC']"
