VBND61,1,"['ZZ20240506AMDHYD2223', 'BC']"
NLHD46,1,"['ZZ20240505AMDHYD2223', 'EC']"
SSLU58,1,"['ZZ20240506AMDHYD2223', 'FC']"
DDIA25,1,"['ZZ20240505AMDHYD2223', 'EC']"
DJWG48,1,"['ZZ20240505AMDHYD2223', 'EC']"
KPPD59,1,"['ZZ20240505AMDHYD2223', 'EC']"
JLHE38,1,"['ZZ20240506AMDHYD2223', 'FC']"
BTKY23,1,"['ZZ20240506AMDHYD2223', 'FC']"
DYYT32,1,"['ZZ20240505AMDHYD2223', 'EC']"
IJBD42,1,"['ZZ20240505AMDHYD2223', 'EC']"
GTJF98,1,"['ZZ20240505AMDHYD2223', 'EC']"
SFDU26,1,"['ZZ20240506AMDHYD2223', 'FC']"
PJHY16,1,"['ZZ20240505AMDHYD2223', 'EC']"
DUFI36,1,"['ZZ20240505AMDHYD2223', 'EC']"
QKVR16,1,"['ZZ20240506AMDHYD2223', 'BC']"
VZID92,1,"['ZZ20240505AMDHYD2223', 'EC']"
QVWF37,1,"['ZZ20240506AMDHYD2223', 'BC']"
QEWH24,1,"['ZZ20240506AMDHYD2223', 'BC']"
GMTF21,1,"['ZZ20240506AMDHYD2223', 'BC']"
MLIF89,1,"['ZZ20240505AMDHYD2223', 'EC']"
OMAZ43,1,"['ZZ20240506AMDHYD2223', 'BC']"
LSHJ62,1,"['ZZ20240505AMDHYD2223', 'EC']"
MHAO84,1,"['ZZ20240507AMDHYD2223', 'FC']"
MTSE37,1,"['ZZ20240506AMDHYD2223', 'FC']"
GXVH39,1,"['ZZ20240506AMDHYD2223', 'FC']"
MZGK86,1,"['ZZ20240505AMDHYD2223', 'EC']"
JSND24,1,"['ZZ20240506AMDHYD2223', 'FC']"
AFAJ53,1,"['ZZ20240506AMDHYD2223', 'FC']"
DPQG14,1,"['ZZ20240506AMDHYD2223', 'FC']"
GDMM37,1,"['ZZ20240507AMDHYD2223', 'FC']"
AZXJ72,1,"['ZZ20240506AMDHYD2223', 'FC']"
AZXJ72,1,"['ZZ20240506AMDHYD2223', 'FC']"
CLJV31,1,"['ZZ20240506AMDHYD2223', 'EC']"
KBKC49,1,"['ZZ20240507AMDHYD2223', 'BC']"
WOLC44,1,"['ZZ20240506AMDHYD2223', 'FC']"
OJCS24,1,"['ZZ20240507AMDHYD2223', 'BC']"
RSWK81,1,"['ZZ20240507AMDHYD2223', 'BC']"
PRWK90,1,"['ZZ20240506AMDHYD2223', 'BC']"
PDRR44,1,"['ZZ20240506AMDHYD2223', 'FC']"
MMYG89,1,"['ZZ20240506AMDHYD2223', 'BC']"
LOBZ81,1,"['ZZ20240506AMDHYD2223', 'FC']"
GARS29,1,"['ZZ20240506AMDHYD2223', 'EC']"
GJFY51,1,"['ZZ20240506AMDHYD2223', 'BC']"
OKCL60,1,"['ZZ20240507AMDHYD2223', 'BC']"
ZOEZ83,1,"['ZZ20240506AMDHYD2223', 'BC']"
EJFI16,1,"['ZZ20240507AMDHYD2223', 'FC']"
XSMW19,1,"['ZZ20240506AMDHYD2223', 'BC']"
QHBU69,1,"['ZZ20240507AMDHYD2223', 'FC']"
BBMY48,1,"['ZZ20240506AMDHYD2223', 'FC']"
KNWZ24,1,"['ZZ20240507AMDHYD2223', 'BC']"
XKFB77,1,"['ZZ20240506AMDHYD2223', 'EC']"
OUMW51,1,"['ZZ20240506AMDHYD2223', 'BC']"
METW43,1,"['ZZ20240506AMDHYD2223', 'BC']"
XSWS69,1,"['ZZ20240506AMDHYD2223', 'BC']"
CAEI40,1,"['ZZ20240507AMDHYD2223', 'PC']"
MPZM21,1,"['ZZ20240507AMDHYD2223', 'FC']"
BGTR69,1,"['ZZ20240506AMDHYD2223', 'EC']"
ARQD42,1,"['ZZ20240506AMDHYD2223', 'FC']"
PZTV81,1,"['ZZ20240507AMDHYD2223', 'FC']"
