VBND61,1,"['ZZ20240507AMDHYD2223', 'FC']"
NLHD46,1,"['ZZ20240506AMDHYD2223', 'FC']"
SSLU58,1,"['ZZ20240506AMDHYD2223', 'BC']"
DDIA25,1,"['ZZ20240506AMDHYD2223', 'BC']"
DJWG48,1,"['ZZ20240506AMDHYD2223', 'FC']"
KPPD59,1,"['ZZ20240506AMDHYD2223', 'BC']"
JLHE38,1,"['ZZ20240507AMDHYD2223', 'FC']"
AVKH79,1,"['ZZ20240505AMDHYD2223', 'EC']"
IJBD42,1,"['ZZ20240506AMDHYD2223', 'FC']"
GTJF98,1,"['ZZ20240505AMDHYD2223', 'EC']"
SFDU26,1,"['ZZ20240506AMDHYD2223', 'FC']"
SQHB38,1,"['ZZ20240505AMDHYD2223', 'EC']"
QVWF37,1,"['ZZ20240507AMDHYD2223', 'BC']"
BPLG41,1,"['ZZ20240506AMDHYD2223', 'BC']"
QEWH24,1,"['ZZ20240506AMDHYD2223', 'EC']"
GMTF21,1,"['ZZ20240506AMDHYD2223', 'FC']"
KVIB37,1,"['ZZ20240507AMDHYD2223', 'FC']"
OMAZ43,1,"['ZZ20240506AMDHYD2223', 'FC']"
LSHJ62,1,"['ZZ20240506AMDHYD2223', 'BC']"
MHAO84,1,"['ZZ20240506AMDHYD2223', 'BC']"
MTSE37,1,"['ZZ20240506AMDHYD2223', 'BC']"
SLPS17,1,"['ZZ20240505AMDHYD2223', 'EC']"
GXVH39,1,"['ZZ20240505AMDHYD2223', 'EC']"
MZGK86,1,"['ZZ20240507AMDHYD2223', 'BC']"
AFAJ53,1,"['ZZ20240507AMDHYD2223', 'FC']"
AZXJ72,1,"['ZZ20240506AMDHYD2223', 'FC']"
AZXJ72,1,"['ZZ20240507AMDHYD2223', 'FC']"
UJCI25,1,"['ZZ20240506AMDHYD2223', 'BC']"
VLMW49,1,"['ZZ20240507AMDHYD2223', 'BC']"
CLJV31,1,"['ZZ20240506AMDHYD2223', 'FC']"
WOLC44,1,"['ZZ20240507AMDHYD2223', 'FC']"
RYVS36,1,"['ZZ20240505AMDHYD2223', 'EC']"
DMVH24,1,"['ZZ20240506AMDHYD2223', 'BC']"
OJCS24,1,"['ZZ20240506AMDHYD2223', 'BC']"
RSWK81,1,"['ZZ20240506AMDHYD2223', 'FC']"
PRWK90,1,"['ZZ20240507AMDHYD2223', 'BC']"
MEGA93,1,"['ZZ20240507AMDHYD2223', 'BC']"
PDRR44,1,"['ZZ20240506AMDHYD2223', 'BC']"
LOBZ81,1,"['ZZ20240507AMDHYD2223', 'FC']"
GARS29,1,"['ZZ20240506AMDHYD2223', 'FC']"
GJFY51,1,"['ZZ20240506AMDHYD2223', 'BC']"
OKCL60,1,"['ZZ20240506AMDHYD2223', 'BC']"
ZOEZ83,1,"['ZZ20240506AMDHYD2223', 'FC']"
XSMW19,1,"['ZZ20240506AMDHYD2223', 'FC']"
OIZU50,1,"['ZZ20240507AMDHYD2223', 'PC']"
QHBU69,1,"['ZZ20240506AMDHYD2223', 'EC']"
VLAB49,1,"['ZZ20240506AMDHYD2223', 'EC']"
BBMY48,1,"['ZZ20240506AMDHYD2223', 'BC']"
KNWZ24,1,"['ZZ20240507AMDHYD2223', 'FC']"
XKFB77,1,"['ZZ20240507AMDHYD2223', 'FC']"
YEHF35,1,"['ZZ20240507AMDHYD2223', 'BC']"
METW43,1,"['ZZ20240506AMDHYD2223', 'EC']"
TQRJ42,1,"['ZZ20240507AMDHYD2223', 'BC']"
XSWS69,1,"['ZZ20240506AMDHYD2223', 'BC']"
CAEI40,1,"['ZZ20240507AMDHYD2223', 'BC']"
MPZM21,1,"['ZZ20240505AMDHYD2223', 'EC']"
BGTR69,1,"['ZZ20240505AMDHYD2223', 'EC']"
ARQD42,1,"['ZZ20240506AMDHYD2223', 'BC']"
