VBND61,1,"['ZZ20240506AMDHYD2223', 'BC']"
NLHD46,1,"['ZZ20240506AMDHYD2223', 'FC']"
SSLU58,1,"['ZZ20240506AMDHYD2223', 'FC']"
DDIA25,1,"['ZZ20240506AMDHYD2223', 'FC']"
DJWG48,1,"['ZZ20240505AMDHYD2223', 'EC']"
KPPD59,1,"['ZZ20240505AMDHYD2223', 'EC']"
JLHE38,1,"['ZZ20240506AMDHYD2223', 'FC']"
AVKH79,1,"['ZZ20240506AMDHYD2223', 'FC']"
BTKY23,1,"['ZZ20240506AMDHYD2223', 'FC']"
DYYT32,1,"['ZZ20240505AMDHYD2223', 'EC']"
IJBD42,1,"['ZZ20240505AMDHYD2223', 'EC']"
GTJF98,1,"['ZZ20240506AMDHYD2223', 'FC']"
PJHY16,1,"['ZZ20240505AMDHYD2223', 'EC']"
SQHB38,1,"['ZZ20240506AMDHYD2223', 'BC']"
QVWF37,1,"['ZZ20240506AMDHYD2223', 'FC']"
BPLG41,1,"['ZZ20240505AMDHYD2223', 'EC']"
GMTF21,1,"['ZZ20240506AMDHYD2223', 'EC']"
KVIB37,1,"['ZZ20240506AMDHYD2223', 'BC']"
LSHJ62,1,"['ZZ20240505AMDHYD2223', 'EC']"
MHAO84,1,"['ZZ20240506AMDHYD2223', 'BC']"
SLPS17,1,"['ZZ20240506AMDHYD2223', 'BC']"
GXVH39,1,"['ZZ20240506AMDHYD2223', 'BC']"
MZGK86,1,"['ZZ20240506AMDHYD2223', 'BC']"
JSND24,1,"['ZZ20240505AMDHYD2223', 'EC']"
GDMM37,1,"['ZZ20240506AMDHYD2223', 'EC']"
AZXJ72,1,"['ZZ20240506AMDHYD2223', 'BC']"
ZNZT72,1,"['ZZ20240506AMDHYD2223', 'FC']"
CLJV31,1,"['ZZ20240506AMDHYD2223', 'EC']"
KBKC49,1,"['ZZ20240507AMDHYD2223', 'BC']"
WOLC44,1,"['ZZ20240506AMDHYD2223', 'BC']"
OJCS24,1,"['ZZ20240507AMDHYD2223', 'BC']"
RSWK81,1,"['ZZ20240507AMDHYD2223', 'FC']"
PRWK90,1,"['ZZ20240506AMDHYD2223', 'BC']"
MEGA93,1,"['ZZ20240507AMDHYD2223', 'FC']"
MMYG89,1,"['ZZ20240506AMDHYD2223', 'BC']"
LOBZ81,1,"['ZZ20240505AMDHYD2223', 'EC']"
YFIU24,1,"['ZZ20240506AMDHYD2223', 'BC']"
GJFY51,1,"['ZZ20240506AMDHYD2223', 'BC']"
OKCL60,1,"['ZZ20240507AMDHYD2223', 'BC']"
EJFI16,1,"['ZZ20240507AMDHYD2223', 'BC']"
XSMW19,1,"['ZZ20240506AMDHYD2223', 'FC']"
BBMY48,1,"['ZZ20240505AMDHYD2223', 'EC']"
KNWZ24,1,"['ZZ20240507AMDHYD2223', 'BC']"
XKFB77,1,"['ZZ20240507AMDHYD2223', 'FC']"
YEHF35,1,"['ZZ20240506AMDHYD2223', 'BC']"
METW43,1,"['ZZ20240507AMDHYD2223', 'PC']"
XSWS69,1,"['ZZ20240506AMDHYD2223', 'BC']"
CAEI40,1,"['ZZ20240507AMDHYD2223', 'FC']"
MPZM21,1,"['ZZ20240506AMDHYD2223', 'FC']"
BGTR69,1,"['ZZ20240506AMDHYD2223', 'BC']"
