BTKY23,1,"['ZZ20240506AMDHYD2223', 'PC']"
DYYT32,1,"['ZZ20240506AMDHYD2223', 'PC']"
PJHY16,1,"['ZZ20240506AMDHYD2223', 'PC']"
DUFI36,1,"['ZZ20240506AMDHYD2223', 'PC']"
QKVR16,1,"['ZZ20240506AMDHYD2223', 'PC']"
VZID92,1,"['ZZ20240506AMDHYD2223', 'PC']"
MLIF89,1,"['ZZ20240506AMDHYD2223', 'PC']"
YNOD79,1,"['ZZ20240506AMDHYD2223', 'PC']"
JSND24,1,"['ZZ20240506AMDHYD2223', 'PC']"
DPQG14,1,"['ZZ20240506AMDHYD2223', 'PC']"
GDMM37,1,"['ZZ20240506AMDHYD2223', 'PC']"
ZNZT72,1,"['ZZ20240506AMDHYD2223', 'PC']"
KBKC49,1,"['ZZ20240506AMDHYD2223', 'PC']"
MMYG89,1,"['ZZ20240506AMDHYD2223', 'PC']"
UKSB86,1,"['ZZ20240506AMDHYD2223', 'PC']"
YFIU24,1,"['ZZ20240506AMDHYD2223', 'PC']"
EJFI16,1,"['ZZ20240506AMDHYD2223', 'PC']"
OUMW51,1,"['ZZ20240506AMDHYD2223', 'PC']"
PZTV81,1,"['ZZ20240506AMDHYD2223', 'PC']"
