SFDU26,1,"['ZZ20240506AMDHYD2223', 'PC']"
DUFI36,1,"['ZZ20240506AMDHYD2223', 'PC']"
QKVR16,1,"['ZZ20240506AMDHYD2223', 'PC']"
VZID92,1,"['ZZ20240506AMDHYD2223', 'PC']"
QEWH24,1,"['ZZ20240506AMDHYD2223', 'PC']"
MLIF89,1,"['ZZ20240506AMDHYD2223', 'PC']"
OMAZ43,1,"['ZZ20240506AMDHYD2223', 'PC']"
MTSE37,1,"['ZZ20240506AMDHYD2223', 'PC']"
YNOD79,1,"['ZZ20240506AMDHYD2223', 'PC']"
AFAJ53,1,"['ZZ20240506AMDHYD2223', 'PC']"
DPQG14,1,"['ZZ20240506AMDHYD2223', 'PC']"
AZXJ72,1,"['ZZ20240506AMDHYD2223', 'PC']"
UJCI25,1,"['ZZ20240506AMDHYD2223', 'PC']"
VLMW49,1,"['ZZ20240506AMDHYD2223', 'PC']"
RYVS36,1,"['ZZ20240506AMDHYD2223', 'PC']"
DMVH24,1,"['ZZ20240506AMDHYD2223', 'PC']"
PDRR44,1,"['ZZ20240506AMDHYD2223', 'PC']"
UKSB86,1,"['ZZ20240506AMDHYD2223', 'PC']"
GARS29,1,"['ZZ20240506AMDHYD2223', 'PC']"
ZOEZ83,1,"['ZZ20240506AMDHYD2223', 'PC']"
OIZU50,1,"['ZZ20240506AMDHYD2223', 'PC']"
QHBU69,1,"['ZZ20240506AMDHYD2223', 'PC']"
VLAB49,1,"['ZZ20240506AMDHYD2223', 'PC']"
OUMW51,1,"['ZZ20240506AMDHYD2223', 'PC']"
TQRJ42,1,"['ZZ20240506AMDHYD2223', 'PC']"
ARQD42,1,"['ZZ20240506AMDHYD2223', 'PC']"
PZTV81,1,"['ZZ20240506AMDHYD2223', 'PC']"
