VBND61,1,"['ZZ20240505AMDHYD2223', 'EC']"
NLHD46,1,"['ZZ20240505AMDHYD2223', 'EC']"
SSLU58,1,"['ZZ20240505AMDHYD2223', 'EC']"
DDIA25,1,"['ZZ20240505AMDHYD2223', 'EC']"
DJWG48,1,"['ZZ20240506AMDHYD2223', 'EC']"
KPPD59,1,"['ZZ20240505AMDHYD2223', 'EC']"
JLHE38,1,"['ZZ20240506AMDHYD2223', 'FC']"
AVKH79,1,"['ZZ20240506AMDHYD2223', 'BC']"
BTKY23,1,"['ZZ20240506AMDHYD2223', 'BC']"
DYYT32,1,"['ZZ20240506AMDHYD2223', 'BC']"
IJBD42,1,"['ZZ20240506AMDHYD2223', 'FC']"
GTJF98,1,"['ZZ20240505AMDHYD2223', 'EC']"
PJHY16,1,"['ZZ20240506AMDHYD2223', 'FC']"
DUFI36,1,"['ZZ20240506AMDHYD2223', 'FC']"
SQHB38,1,"['ZZ20240506AMDHYD2223', 'BC']"
QVWF37,1,"['ZZ20240506AMDHYD2223', 'BC']"
BPLG41,1,"['ZZ20240506AMDHYD2223', 'BC']"
GMTF21,1,"['ZZ20240505AMDHYD2223', 'EC']"
KVIB37,1,"['ZZ20240505AMDHYD2223', 'EC']"
MLIF89,1,"['ZZ20240505AMDHYD2223', 'EC']"
OMAZ43,1,"['ZZ20240506AMDHYD2223', 'BC']"
LSHJ62,1,"['ZZ20240506AMDHYD2223', 'FC']"
MHAO84,1,"['ZZ20240506AMDHYD2223', 'BC']"
MTSE37,1,"['ZZ20240506AMDHYD2223', 'FC']"
SLPS17,1,"['ZZ20240506AMDHYD2223', 'BC']"
GXVH39,1,"['ZZ20240507AMDHYD2223', 'FC']"
MZGK86,1,"['ZZ20240506AMDHYD2223', 'BC']"
YNOD79,1,"['ZZ20240506AMDHYD2223', 'BC']"
JSND24,1,"['ZZ20240506AMDHYD2223', 'BC']"
DPQG14,1,"['ZZ20240506AMDHYD2223', 'FC']"
GDMM37,1,"['ZZ20240506AMDHYD2223', 'FC']"
ZNZT72,1,"['ZZ20240506AMDHYD2223', 'FC']"
VLMW49,1,"['ZZ20240506AMDHYD2223', 'EC']"
KBKC49,1,"['ZZ20240507AMDHYD2223', 'BC']"
OJCS24,1,"['ZZ20240506AMDHYD2223', 'FC']"
RSWK81,1,"['ZZ20240507AMDHYD2223', 'FC']"
PRWK90,1,"['ZZ20240506AMDHYD2223', 'BC']"
MMYG89,1,"['ZZ20240507AMDHYD2223', 'FC']"
LOBZ81,1,"['ZZ20240506AMDHYD2223', 'FC']"
UKSB86,1,"['ZZ20240507AMDHYD2223', 'BC']"
GJFY51,1,"['ZZ20240506AMDHYD2223', 'BC']"
OKCL60,1,"['ZZ20240507AMDHYD2223', 'BC']"
ZOEZ83,1,"['ZZ20240506AMDHYD2223', 'BC']"
EJFI16,1,"['ZZ20240507AMDHYD2223', 'BC']"
XSMW19,1,"['ZZ20240507AMDHYD2223', 'PC']"
VLAB49,1,"['ZZ20240506AMDHYD2223', 'BC']"
BBMY48,1,"['ZZ20240506AMDHYD2223', 'BC']"
KNWZ24,1,"['ZZ20240507AMDHYD2223', 'FC']"
XKFB77,1,"['ZZ20240507AMDHYD2223', 'BC']"
YEHF35,1,"['ZZ20240507AMDHYD2223', 'BC']"
TQRJ42,1,"['ZZ20240507AMDHYD2223', 'FC']"
CAEI40,1,"['ZZ20240506AMDHYD2223', 'EC']"
BGTR69,1,"['ZZ20240505AMDHYD2223', 'EC']"
