ENCC83,1,"['ZZ20240527AMDHYD2223', 'PC']"
ECGC84,1,"['ZZ20240527AMDHYD2223', 'PC']"
POOV96,1,"['ZZ20240527AMDHYD2223', 'PC']"
NBJC80,1,"['ZZ20240527AMDHYD2223', 'PC']"
QFKM37,1,"['ZZ20240527AMDHYD2223', 'PC']"
OENO89,1,"['ZZ20240527AMDHYD2223', 'PC']"
ZSET10,1,"['ZZ20240527AMDHYD2223', 'PC']"
JPUP67,1,"['ZZ20240527AMDHYD2223', 'PC']"
BURL42,1,"['ZZ20240527AMDHYD2223', 'PC']"
GZPK82,1,"['ZZ20240527AMDHYD2223', 'PC']"
PERW12,1,"['ZZ20240527AMDHYD2223', 'PC']"
WFMM25,1,"['ZZ20240527AMDHYD2223', 'PC']"
FXQY32,1,"['ZZ20240527AMDHYD2223', 'PC']"
VEPU53,1,"['ZZ20240527AMDHYD2223', 'PC']"
GQNS26,1,"['ZZ20240527AMDHYD2223', 'PC']"
