VBND61,1,"['ZZ20240506AMDHYD2223', 'FC']"
DJWG48,1,"['ZZ20240506AMDHYD2223', 'BC']"
KPPD59,1,"['ZZ20240505AMDHYD2223', 'EC']"
JLHE38,1,"['ZZ20240506AMDHYD2223', 'BC']"
AVKH79,1,"['ZZ20240506AMDHYD2223', 'BC']"
BTKY23,1,"['ZZ20240506AMDHYD2223', 'FC']"
DYYT32,1,"['ZZ20240505AMDHYD2223', 'EC']"
IJBD42,1,"['ZZ20240506AMDHYD2223', 'FC']"
GTJF98,1,"['ZZ20240506AMDHYD2223', 'FC']"
SFDU26,1,"['ZZ20240505AMDHYD2223', 'EC']"
DUFI36,1,"['ZZ20240505AMDHYD2223', 'EC']"
QKVR16,1,"['ZZ20240505AMDHYD2223', 'EC']"
SQHB38,1,"['ZZ20240506AMDHYD2223', 'BC']"
BPLG41,1,"['ZZ20240506AMDHYD2223', 'FC']"
QEWH24,1,"['ZZ20240506AMDHYD2223', 'BC']"
KVIB37,1,"['ZZ20240506AMDHYD2223', 'BC']"
MLIF89,1,"['ZZ20240505AMDHYD2223', 'EC']"
OMAZ43,1,"['ZZ20240506AMDHYD2223', 'BC']"
SLPS17,1,"['ZZ20240505AMDHYD2223', 'EC']"
GXVH39,1,"['ZZ20240506AMDHYD2223', 'EC']"
MZGK86,1,"['ZZ20240505AMDHYD2223', 'EC']"
YNOD79,1,"['ZZ20240506AMDHYD2223', 'BC']"
JSND24,1,"['ZZ20240506AMDHYD2223', 'BC']"
AFAJ53,1,"['ZZ20240505AMDHYD2223', 'EC']"
GDMM37,1,"['ZZ20240507AMDHYD2223', 'BC']"
AZXJ72,1,"['ZZ20240505AMDHYD2223', 'EC']"
ZNZT72,1,"['ZZ20240506AMDHYD2223', 'FC']"
VLMW49,1,"['ZZ20240506AMDHYD2223', 'BC']"
KBKC49,1,"['ZZ20240507AMDHYD2223', 'BC']"
WOLC44,1,"['ZZ20240506AMDHYD2223', 'EC']"
OJCS24,1,"['ZZ20240507AMDHYD2223', 'FC']"
RSWK81,1,"['ZZ20240507AMDHYD2223', 'FC']"
PRWK90,1,"['ZZ20240507AMDHYD2223', 'FC']"
MEGA93,1,"['ZZ20240506AMDHYD2223', 'FC']"
MMYG89,1,"['ZZ20240506AMDHYD2223', 'BC']"
GARS29,1,"['ZZ20240506AMDHYD2223', 'BC']"
YFIU24,1,"['ZZ20240507AMDHYD2223', 'PC']"
OKCL60,1,"['ZZ20240507AMDHYD2223', 'FC']"
ZOEZ83,1,"['ZZ20240506AMDHYD2223', 'FC']"
EJFI16,1,"['ZZ20240507AMDHYD2223', 'BC']"
XSMW19,1,"['ZZ20240506AMDHYD2223', 'BC']"
QHBU69,1,"['ZZ20240506AMDHYD2223', 'FC']"
BBMY48,1,"['ZZ20240506AMDHYD2223', 'EC']"
KNWZ24,1,"['ZZ20240507AMDHYD2223', 'BC']"
XKFB77,1,"['ZZ20240506AMDHYD2223', 'BC']"
YEHF35,1,"['ZZ20240507AMDHYD2223', 'PC']"
OUMW51,1,"['ZZ20240507AMDHYD2223', 'BC']"
XSWS69,1,"['ZZ20240507AMDHYD2223', 'FC']"
MPZM21,1,"['ZZ20240506AMDHYD2223', 'FC']"
PZTV81,1,"['ZZ20240507AMDHYD2223', 'BC']"
