VBND61,1,"['ZZ20240506AMDHYD2223', 'FC']"
NLHD46,1,"['ZZ20240506AMDHYD2223', 'FC']"
SSLU58,1,"['ZZ20240506AMDHYD2223', 'FC']"
DDIA25,1,"['ZZ20240506AMDHYD2223', 'BC']"
DJWG48,1,"['ZZ20240506AMDHYD2223', 'FC']"
JLHE38,1,"['ZZ20240506AMDHYD2223', 'FC']"
AVKH79,1,"['ZZ20240506AMDHYD2223', 'BC']"
BTKY23,1,"['ZZ20240505AMDHYD2223', 'EC']"
DYYT32,1,"['ZZ20240505AMDHYD2223', 'EC']"
IJBD42,1,"['ZZ20240506AMDHYD2223', 'BC']"
GTJF98,1,"['ZZ20240506AMDHYD2223', 'FC']"
SFDU26,1,"['ZZ20240506AMDHYD2223', 'EC']"
PJHY16,1,"['ZZ20240505AMDHYD2223', 'EC']"
DUFI36,1,"['ZZ20240506AMDHYD2223', 'FC']"
QKVR16,1,"['ZZ20240506AMDHYD2223', 'FC']"
VZID92,1,"['ZZ20240506AMDHYD2223', 'BC']"
SQHB38,1,"['ZZ20240505AMDHYD2223', 'EC']"
QVWF37,1,"['ZZ20240506AMDHYD2223', 'BC']"
BPLG41,1,"['ZZ20240506AMDHYD2223', 'BC']"
QEWH24,1,"['ZZ20240507AMDHYD2223', 'BC']"
GMTF21,1,"['ZZ20240506AMDHYD2223', 'BC']"
KVIB37,1,"['ZZ20240506AMDHYD2223', 'BC']"
MLIF89,1,"['ZZ20240506AMDHYD2223', 'FC']"
OMAZ43,1,"['ZZ20240506AMDHYD2223', 'FC']"
MHAO84,1,"['ZZ20240506AMDHYD2223', 'BC']"
MTSE37,1,"['ZZ20240505AMDHYD2223', 'EC']"
SLPS17,1,"['ZZ20240507AMDHYD2223', 'FC']"
GXVH39,1,"['ZZ20240506AMDHYD2223', 'BC']"
DPQG14,1,"['ZZ20240506AMDHYD2223', 'BC']"
AZXJ72,1,"['ZZ20240506AMDHYD2223', 'BC']"
AZXJ72,1,"['ZZ20240507AMDHYD2223', 'PC']"
ZNZT72,1,"['ZZ20240506AMDHYD2223', 'FC']"
CLJV31,1,"['ZZ20240507AMDHYD2223', 'BC']"
KBKC49,1,"['ZZ20240507AMDHYD2223', 'BC']"
WOLC44,1,"['ZZ20240506AMDHYD2223', 'FC']"
RYVS36,1,"['ZZ20240506AMDHYD2223', 'BC']"
DMVH24,1,"['ZZ20240506AMDHYD2223', 'BC']"
RSWK81,1,"['ZZ20240507AMDHYD2223', 'BC']"
PDRR44,1,"['ZZ20240505AMDHYD2223', 'EC']"
LOBZ81,1,"['ZZ20240506AMDHYD2223', 'BC']"
UKSB86,1,"['ZZ20240506AMDHYD2223', 'BC']"
GARS29,1,"['ZZ20240505AMDHYD2223', 'EC']"
YFIU24,1,"['ZZ20240507AMDHYD2223', 'PC']"
OKCL60,1,"['ZZ20240507AMDHYD2223', 'FC']"
ZOEZ83,1,"['ZZ20240506AMDHYD2223', 'EC']"
EJFI16,1,"['ZZ20240507AMDHYD2223', 'BC']"
XSMW19,1,"['ZZ20240505AMDHYD2223', 'EC']"
OIZU50,1,"['ZZ20240507AMDHYD2223', 'FC']"
QHBU69,1,"['ZZ20240507AMDHYD2223', 'BC']"
VLAB49,1,"['ZZ20240506AMDHYD2223', 'FC']"
BBMY48,1,"['ZZ20240506AMDHYD2223', 'BC']"
KNWZ24,1,"['ZZ20240506AMDHYD2223', 'EC']"
XKFB77,1,"['ZZ20240507AMDHYD2223', 'PC']"
OUMW51,1,"['ZZ20240506AMDHYD2223', 'BC']"
METW43,1,"['ZZ20240507AMDHYD2223', 'BC']"
XSWS69,1,"['ZZ20240507AMDHYD2223', 'FC']"
CAEI40,1,"['ZZ20240507AMDHYD2223', 'FC']"
MPZM21,1,"['ZZ20240506AMDHYD2223', 'FC']"
BGTR69,1,"['ZZ20240506AMDHYD2223', 'EC']"
ARQD42,1,"['ZZ20240506AMDHYD2223', 'FC']"
PZTV81,1,"['ZZ20240507AMDHYD2223', 'FC']"
