PJHY16,1,"['ZZ20240506AMDHYD2223', 'PC']"
VZID92,1,"['ZZ20240506AMDHYD2223', 'PC']"
QEWH24,1,"['ZZ20240506AMDHYD2223', 'PC']"
OMAZ43,1,"['ZZ20240506AMDHYD2223', 'PC']"
VLMW49,1,"['ZZ20240506AMDHYD2223', 'PC']"
KBKC49,1,"['ZZ20240506AMDHYD2223', 'PC']"
MEGA93,1,"['ZZ20240506AMDHYD2223', 'PC']"
MMYG89,1,"['ZZ20240506AMDHYD2223', 'PC']"
YFIU24,1,"['ZZ20240506AMDHYD2223', 'PC']"
XSMW19,1,"['ZZ20240506AMDHYD2223', 'PC']"
BBMY48,1,"['ZZ20240506AMDHYD2223', 'PC']"
YEHF35,1,"['ZZ20240506AMDHYD2223', 'PC']"
OUMW51,1,"['ZZ20240506AMDHYD2223', 'PC']"
TQRJ42,1,"['ZZ20240506AMDHYD2223', 'PC']"
