VBND61,1,"['ZZ20240506AMDHYD2223', 'FC']"
NLHD46,1,"['ZZ20240506AMDHYD2223', 'BC']"
SSLU58,1,"['ZZ20240506AMDHYD2223', 'FC']"
DDIA25,1,"['ZZ20240505AMDHYD2223', 'EC']"
DJWG48,1,"['ZZ20240505AMDHYD2223', 'EC']"
KPPD59,1,"['ZZ20240506AMDHYD2223', 'FC']"
JLHE38,1,"['ZZ20240506AMDHYD2223', 'EC']"
AVKH79,1,"['ZZ20240506AMDHYD2223', 'FC']"
BTKY23,1,"['ZZ20240505AMDHYD2223', 'EC']"
DYYT32,1,"['ZZ20240505AMDHYD2223', 'EC']"
IJBD42,1,"['ZZ20240506AMDHYD2223', 'FC']"
GTJF98,1,"['ZZ20240506AMDHYD2223', 'FC']"
SFDU26,1,"['ZZ20240505AMDHYD2223', 'EC']"
DUFI36,1,"['ZZ20240506AMDHYD2223', 'EC']"
QKVR16,1,"['ZZ20240506AMDHYD2223', 'BC']"
SQHB38,1,"['ZZ20240506AMDHYD2223', 'FC']"
QVWF37,1,"['ZZ20240505AMDHYD2223', 'EC']"
BPLG41,1,"['ZZ20240506AMDHYD2223', 'BC']"
GMTF21,1,"['ZZ20240506AMDHYD2223', 'BC']"
KVIB37,1,"['ZZ20240506AMDHYD2223', 'FC']"
MLIF89,1,"['ZZ20240505AMDHYD2223', 'EC']"
LSHJ62,1,"['ZZ20240505AMDHYD2223', 'EC']"
MHAO84,1,"['ZZ20240506AMDHYD2223', 'FC']"
MTSE37,1,"['ZZ20240505AMDHYD2223', 'EC']"
SLPS17,1,"['ZZ20240506AMDHYD2223', 'FC']"
GXVH39,1,"['ZZ20240506AMDHYD2223', 'BC']"
MZGK86,1,"['ZZ20240506AMDHYD2223', 'BC']"
YNOD79,1,"['ZZ20240506AMDHYD2223', 'BC']"
JSND24,1,"['ZZ20240506AMDHYD2223', 'EC']"
AFAJ53,1,"['ZZ20240507AMDHYD2223', 'FC']"
DPQG14,1,"['ZZ20240506AMDHYD2223', 'BC']"
GDMM37,1,"['ZZ20240507AMDHYD2223', 'FC']"
AZXJ72,1,"['ZZ20240506AMDHYD2223', 'EC']"
AZXJ72,1,"['ZZ20240507AMDHYD2223', 'FC']"
UJCI25,1,"['ZZ20240506AMDHYD2223', 'EC']"
ZNZT72,1,"['ZZ20240506AMDHYD2223', 'FC']"
CLJV31,1,"['ZZ20240506AMDHYD2223', 'BC']"
WOLC44,1,"['ZZ20240505AMDHYD2223', 'EC']"
RYVS36,1,"['ZZ20240507AMDHYD2223', 'BC']"
DMVH24,1,"['ZZ20240506AMDHYD2223', 'BC']"
OJCS24,1,"['ZZ20240506AMDHYD2223', 'BC']"
RSWK81,1,"['ZZ20240507AMDHYD2223', 'BC']"
PRWK90,1,"['ZZ20240506AMDHYD2223', 'FC']"
PDRR44,1,"['ZZ20240505AMDHYD2223', 'EC']"
LOBZ81,1,"['ZZ20240506AMDHYD2223', 'FC']"
UKSB86,1,"['ZZ20240506AMDHYD2223', 'BC']"
GARS29,1,"['ZZ20240506AMDHYD2223', 'EC']"
GJFY51,1,"['ZZ20240506AMDHYD2223', 'BC']"
OKCL60,1,"['ZZ20240507AMDHYD2223', 'PC']"
ZOEZ83,1,"['ZZ20240506AMDHYD2223', 'BC']"
EJFI16,1,"['ZZ20240507AMDHYD2223', 'BC']"
OIZU50,1,"['ZZ20240506AMDHYD2223', 'BC']"
QHBU69,1,"['ZZ20240507AMDHYD2223', 'FC']"
VLAB49,1,"['ZZ20240507AMDHYD2223', 'BC']"
KNWZ24,1,"['ZZ20240507AMDHYD2223', 'FC']"
XKFB77,1,"['ZZ20240507AMDHYD2223', 'BC']"
METW43,1,"['ZZ20240507AMDHYD2223', 'FC']"
XSWS69,1,"['ZZ20240506AMDHYD2223', 'BC']"
CAEI40,1,"['ZZ20240507AMDHYD2223', 'BC']"
MPZM21,1,"['ZZ20240507AMDHYD2223', 'FC']"
BGTR69,1,"['ZZ20240506AMDHYD2223', 'EC']"
ARQD42,1,"['ZZ20240505AMDHYD2223', 'EC']"
PZTV81,1,"['ZZ20240507AMDHYD2223', 'BC']"
