HBRV45,1,"['ZZ20240527AMDHYD2223', 'PC']"
RYQN10,1,"['ZZ20240527AMDHYD2223', 'PC']"
HHZI45,1,"['ZZ20240527AMDHYD2223', 'PC']"
QYSL16,1,"['ZZ20240527AMDHYD2223', 'PC']"
ZSET10,1,"['ZZ20240527AMDHYD2223', 'PC']"
JPUP67,1,"['ZZ20240527AMDHYD2223', 'PC']"
QCOP79,1,"['ZZ20240527AMDHYD2223', 'PC']"
COCL30,1,"['ZZ20240527AMDHYD2223', 'PC']"
GZPK82,1,"['ZZ20240527AMDHYD2223', 'PC']"
PERW12,1,"['ZZ20240527AMDHYD2223', 'PC']"
MHZO35,1,"['ZZ20240527AMDHYD2223', 'PC']"
MCDU18,1,"['ZZ20240527AMDHYD2223', 'PC']"
UWCA53,1,"['ZZ20240527AMDHYD2223', 'PC']"
GQNS26,1,"['ZZ20240527AMDHYD2223', 'PC']"
