DPVI75,1,"['ZZ20240527AMDHYD2223', 'PC']"
TSYL49,1,"['ZZ20240527AMDHYD2223', 'PC']"
REJQ98,1,"['ZZ20240527AMDHYD2223', 'PC']"
RYQN10,1,"['ZZ20240527AMDHYD2223', 'PC']"
NBJC80,1,"['ZZ20240527AMDHYD2223', 'PC']"
QFKM37,1,"['ZZ20240527AMDHYD2223', 'PC']"
NOIK42,1,"['ZZ20240527AMDHYD2223', 'PC']"
SNAI79,1,"['ZZ20240527AMDHYD2223', 'PC']"
DOEY48,1,"['ZZ20240527AMDHYD2223', 'PC']"
QYSL16,1,"['ZZ20240527AMDHYD2223', 'PC']"
QLRI80,1,"['ZZ20240527AMDHYD2223', 'PC']"
VVQP77,1,"['ZZ20240527AMDHYD2223', 'PC']"
ZSET10,1,"['ZZ20240527AMDHYD2223', 'PC']"
VFRT71,1,"['ZZ20240527AMDHYD2223', 'PC']"
PERW12,1,"['ZZ20240527AMDHYD2223', 'PC']"
UWCA53,1,"['ZZ20240527AMDHYD2223', 'PC']"
