VBND61,1,"['ZZ20240505AMDHYD2223', 'EC']"
SSLU58,1,"['ZZ20240506AMDHYD2223', 'FC']"
DDIA25,1,"['ZZ20240506AMDHYD2223', 'FC']"
DJWG48,1,"['ZZ20240505AMDHYD2223', 'EC']"
KPPD59,1,"['ZZ20240505AMDHYD2223', 'EC']"
JLHE38,1,"['ZZ20240505AMDHYD2223', 'EC']"
AVKH79,1,"['ZZ20240506AMDHYD2223', 'FC']"
BTKY23,1,"['ZZ20240506AMDHYD2223', 'BC']"
DYYT32,1,"['ZZ20240505AMDHYD2223', 'EC']"
IJBD42,1,"['ZZ20240505AMDHYD2223', 'EC']"
GTJF98,1,"['ZZ20240505AMDHYD2223', 'EC']"
QKVR16,1,"['ZZ20240506AMDHYD2223', 'FC']"
VZID92,1,"['ZZ20240506AMDHYD2223', 'BC']"
SQHB38,1,"['ZZ20240505AMDHYD2223', 'EC']"
BPLG41,1,"['ZZ20240506AMDHYD2223', 'BC']"
QEWH24,1,"['ZZ20240506AMDHYD2223', 'BC']"
GMTF21,1,"['ZZ20240506AMDHYD2223', 'BC']"
OMAZ43,1,"['ZZ20240506AMDHYD2223', 'BC']"
LSHJ62,1,"['ZZ20240506AMDHYD2223', 'FC']"
MTSE37,1,"['ZZ20240506AMDHYD2223', 'FC']"
SLPS17,1,"['ZZ20240505AMDHYD2223', 'EC']"
GXVH39,1,"['ZZ20240506AMDHYD2223', 'FC']"
MZGK86,1,"['ZZ20240506AMDHYD2223', 'BC']"
YNOD79,1,"['ZZ20240506AMDHYD2223', 'FC']"
JSND24,1,"['ZZ20240506AMDHYD2223', 'FC']"
AFAJ53,1,"['ZZ20240506AMDHYD2223', 'FC']"
DPQG14,1,"['ZZ20240505AMDHYD2223', 'EC']"
AZXJ72,1,"['ZZ20240506AMDHYD2223', 'FC']"
ZNZT72,1,"['ZZ20240506AMDHYD2223', 'BC']"
VLMW49,1,"['ZZ20240507AMDHYD2223', 'PC']"
CLJV31,1,"['ZZ20240507AMDHYD2223', 'BC']"
KBKC49,1,"['ZZ20240507AMDHYD2223', 'BC']"
DMVH24,1,"['ZZ20240506AMDHYD2223', 'FC']"
OJCS24,1,"['ZZ20240506AMDHYD2223', 'EC']"
MEGA93,1,"['ZZ20240507AMDHYD2223', 'BC']"
MMYG89,1,"['ZZ20240506AMDHYD2223', 'BC']"
LOBZ81,1,"['ZZ20240506AMDHYD2223', 'BC']"
UKSB86,1,"['ZZ20240507AMDHYD2223', 'FC']"
YFIU24,1,"['ZZ20240506AMDHYD2223', 'BC']"
OKCL60,1,"['ZZ20240507AMDHYD2223', 'FC']"
XSMW19,1,"['ZZ20240506AMDHYD2223', 'FC']"
OIZU50,1,"['ZZ20240506AMDHYD2223', 'BC']"
QHBU69,1,"['ZZ20240507AMDHYD2223', 'FC']"
VLAB49,1,"['ZZ20240506AMDHYD2223', 'BC']"
BBMY48,1,"['ZZ20240506AMDHYD2223', 'BC']"
KNWZ24,1,"['ZZ20240507AMDHYD2223', 'FC']"
XKFB77,1,"['ZZ20240507AMDHYD2223', 'BC']"
YEHF35,1,"['ZZ20240507AMDHYD2223', 'BC']"
OUMW51,1,"['ZZ20240507AMDHYD2223', 'FC']"
METW43,1,"['ZZ20240507AMDHYD2223', 'BC']"
TQRJ42,1,"['ZZ20240506AMDHYD2223', 'EC']"
MPZM21,1,"['ZZ20240506AMDHYD2223', 'BC']"
BGTR69,1,"['ZZ20240506AMDHYD2223', 'BC']"
PZTV81,1,"['ZZ20240506AMDHYD2223', 'FC']"
