IYUS58,1,"['ZZ20240623GAUPNQ3440', 'EC']"
SUWJ92,1,"['ZZ20240624GAUPNQ3440', 'FC']"
JAJA16,1,"['ZZ20240624GAUPNQ3440', 'FC']"
XEDC19,1,"['ZZ20240624GAUPNQ3440', 'FC']"
LLJS84,1,"['ZZ20240624GAUPNQ3440', 'BC']"
PBRM16,1,"['ZZ20240624GAUPNQ3440', 'BC']"
XURB90,1,"['ZZ20240624GAUPNQ3440', 'BC']"
IMGR81,1,"['ZZ20240624GAUPNQ3440', 'FC']"
DYDU45,1,"['ZZ20240623GAUPNQ3440', 'EC']"
GKBH21,1,"['ZZ20240624GAUPNQ3440', 'FC']"
ESIG23,1,"['ZZ20240624GAUPNQ3440', 'BC']"
TIVE40,1,"['ZZ20240624GAUPNQ3440', 'BC']"
FFKV79,1,"['ZZ20240624GAUPNQ3440', 'BC']"
