SSLU58,1,"['ZZ20240506AMDHYD2223', 'PC']"
QVWF37,1,"['ZZ20240506AMDHYD2223', 'PC']"
BPLG41,1,"['ZZ20240506AMDHYD2223', 'PC']"
OMAZ43,1,"['ZZ20240506AMDHYD2223', 'PC']"
SLPS17,1,"['ZZ20240506AMDHYD2223', 'PC']"
AZXJ72,1,"['ZZ20240506AMDHYD2223', 'PC']"
WOLC44,1,"['ZZ20240506AMDHYD2223', 'PC']"
RYVS36,1,"['ZZ20240506AMDHYD2223', 'PC']"
OJCS24,1,"['ZZ20240506AMDHYD2223', 'PC']"
PRWK90,1,"['ZZ20240506AMDHYD2223', 'PC']"
MEGA93,1,"['ZZ20240506AMDHYD2223', 'PC']"
LOBZ81,1,"['ZZ20240506AMDHYD2223', 'PC']"
YFIU24,1,"['ZZ20240506AMDHYD2223', 'PC']"
GJFY51,1,"['ZZ20240506AMDHYD2223', 'PC']"
OIZU50,1,"['ZZ20240506AMDHYD2223', 'PC']"
QHBU69,1,"['ZZ20240506AMDHYD2223', 'PC']"
VLAB49,1,"['ZZ20240506AMDHYD2223', 'PC']"
KNWZ24,1,"['ZZ20240506AMDHYD2223', 'PC']"
ARQD42,1,"['ZZ20240506AMDHYD2223', 'PC']"
