VBND61,1,"['ZZ20240505AMDHYD2223', 'EC']"
NLHD46,1,"['ZZ20240505AMDHYD2223', 'EC']"
SSLU58,1,"['ZZ20240506AMDHYD2223', 'FC']"
DJWG48,1,"['ZZ20240505AMDHYD2223', 'EC']"
KPPD59,1,"['ZZ20240505AMDHYD2223', 'EC']"
JLHE38,1,"['ZZ20240506AMDHYD2223', 'BC']"
AVKH79,1,"['ZZ20240506AMDHYD2223', 'BC']"
BTKY23,1,"['ZZ20240506AMDHYD2223', 'BC']"
DYYT32,1,"['ZZ20240505AMDHYD2223', 'EC']"
GTJF98,1,"['ZZ20240505AMDHYD2223', 'EC']"
SFDU26,1,"['ZZ20240506AMDHYD2223', 'BC']"
PJHY16,1,"['ZZ20240505AMDHYD2223', 'EC']"
SQHB38,1,"['ZZ20240506AMDHYD2223', 'FC']"
QVWF37,1,"['ZZ20240506AMDHYD2223', 'FC']"
BPLG41,1,"['ZZ20240506AMDHYD2223', 'BC']"
GMTF21,1,"['ZZ20240506AMDHYD2223', 'FC']"
OMAZ43,1,"['ZZ20240506AMDHYD2223', 'BC']"
MHAO84,1,"['ZZ20240507AMDHYD2223', 'BC']"
SLPS17,1,"['ZZ20240506AMDHYD2223', 'FC']"
GXVH39,1,"['ZZ20240506AMDHYD2223', 'EC']"
MZGK86,1,"['ZZ20240506AMDHYD2223', 'BC']"
YNOD79,1,"['ZZ20240506AMDHYD2223', 'EC']"
GDMM37,1,"['ZZ20240507AMDHYD2223', 'FC']"
ZNZT72,1,"['ZZ20240506AMDHYD2223', 'FC']"
VLMW49,1,"['ZZ20240507AMDHYD2223', 'BC']"
CLJV31,1,"['ZZ20240507AMDHYD2223', 'FC']"
KBKC49,1,"['ZZ20240507AMDHYD2223', 'BC']"
DMVH24,1,"['ZZ20240505AMDHYD2223', 'EC']"
RSWK81,1,"['ZZ20240506AMDHYD2223', 'BC']"
MEGA93,1,"['ZZ20240506AMDHYD2223', 'FC']"
PDRR44,1,"['ZZ20240506AMDHYD2223', 'FC']"
MMYG89,1,"['ZZ20240507AMDHYD2223', 'FC']"
LOBZ81,1,"['ZZ20240506AMDHYD2223', 'BC']"
UKSB86,1,"['ZZ20240507AMDHYD2223', 'BC']"
YFIU24,1,"['ZZ20240507AMDHYD2223', 'BC']"
GJFY51,1,"['ZZ20240505AMDHYD2223', 'EC']"
EJFI16,1,"['ZZ20240506AMDHYD2223', 'EC']"
XSMW19,1,"['ZZ20240507AMDHYD2223', 'FC']"
OIZU50,1,"['ZZ20240506AMDHYD2223', 'EC']"
VLAB49,1,"['ZZ20240506AMDHYD2223', 'FC']"
BBMY48,1,"['ZZ20240506AMDHYD2223', 'BC']"
KNWZ24,1,"['ZZ20240507AMDHYD2223', 'FC']"
XKFB77,1,"['ZZ20240507AMDHYD2223', 'BC']"
YEHF35,1,"['ZZ20240506AMDHYD2223', 'BC']"
OUMW51,1,"['ZZ20240507AMDHYD2223', 'FC']"
TQRJ42,1,"['ZZ20240506AMDHYD2223', 'BC']"
CAEI40,1,"['ZZ20240507AMDHYD2223', 'BC']"
MPZM21,1,"['ZZ20240505AMDHYD2223', 'EC']"
PZTV81,1,"['ZZ20240507AMDHYD2223', 'PC']"
