HHZI45,1,"['ZZ20240527AMDHYD2223', 'PC']"
MMCS10,1,"['ZZ20240527AMDHYD2223', 'PC']"
QYSL16,1,"['ZZ20240527AMDHYD2223', 'PC']"
LDPF56,1,"['ZZ20240527AMDHYD2223', 'PC']"
QLRI80,1,"['ZZ20240527AMDHYD2223', 'PC']"
VVQP77,1,"['ZZ20240527AMDHYD2223', 'PC']"
LOEP30,1,"['ZZ20240527AMDHYD2223', 'PC']"
VFRT71,1,"['ZZ20240527AMDHYD2223', 'PC']"
COCL30,1,"['ZZ20240527AMDHYD2223', 'PC']"
PERW12,1,"['ZZ20240527AMDHYD2223', 'PC']"
MHZO35,1,"['ZZ20240527AMDHYD2223', 'PC']"
UWCA53,1,"['ZZ20240527AMDHYD2223', 'PC']"
