VBND61,1,"['ZZ20240505AMDHYD2223', 'EC']"
NLHD46,1,"['ZZ20240506AMDHYD2223', 'FC']"
SSLU58,1,"['ZZ20240506AMDHYD2223', 'BC']"
DDIA25,1,"['ZZ20240505AMDHYD2223', 'EC']"
DJWG48,1,"['ZZ20240506AMDHYD2223', 'FC']"
KPPD59,1,"['ZZ20240506AMDHYD2223', 'FC']"
JLHE38,1,"['ZZ20240506AMDHYD2223', 'FC']"
AVKH79,1,"['ZZ20240506AMDHYD2223', 'FC']"
BTKY23,1,"['ZZ20240505AMDHYD2223', 'EC']"
DYYT32,1,"['ZZ20240505AMDHYD2223', 'EC']"
IJBD42,1,"['ZZ20240506AMDHYD2223', 'BC']"
GTJF98,1,"['ZZ20240506AMDHYD2223', 'FC']"
SFDU26,1,"['ZZ20240506AMDHYD2223', 'FC']"
PJHY16,1,"['ZZ20240506AMDHYD2223', 'BC']"
DUFI36,1,"['ZZ20240506AMDHYD2223', 'FC']"
QKVR16,1,"['ZZ20240506AMDHYD2223', 'FC']"
VZID92,1,"['ZZ20240507AMDHYD2223', 'PC']"
SQHB38,1,"['ZZ20240506AMDHYD2223', 'FC']"
QVWF37,1,"['ZZ20240506AMDHYD2223', 'FC']"
BPLG41,1,"['ZZ20240506AMDHYD2223', 'BC']"
QEWH24,1,"['ZZ20240505AMDHYD2223', 'EC']"
GMTF21,1,"['ZZ20240506AMDHYD2223', 'BC']"
KVIB37,1,"['ZZ20240506AMDHYD2223', 'FC']"
MLIF89,1,"['ZZ20240505AMDHYD2223', 'EC']"
OMAZ43,1,"['ZZ20240506AMDHYD2223', 'EC']"
LSHJ62,1,"['ZZ20240506AMDHYD2223', 'FC']"
MHAO84,1,"['ZZ20240506AMDHYD2223', 'BC']"
MTSE37,1,"['ZZ20240506AMDHYD2223', 'EC']"
SLPS17,1,"['ZZ20240506AMDHYD2223', 'BC']"
GXVH39,1,"['ZZ20240506AMDHYD2223', 'FC']"
YNOD79,1,"['ZZ20240505AMDHYD2223', 'EC']"
JSND24,1,"['ZZ20240505AMDHYD2223', 'EC']"
AFAJ53,1,"['ZZ20240505AMDHYD2223', 'EC']"
DPQG14,1,"['ZZ20240506AMDHYD2223', 'FC']"
AZXJ72,1,"['ZZ20240507AMDHYD2223', 'BC']"
AZXJ72,1,"['ZZ20240507AMDHYD2223', 'BC']"
UJCI25,1,"['ZZ20240507AMDHYD2223', 'FC']"
VLMW49,1,"['ZZ20240507AMDHYD2223', 'BC']"
CLJV31,1,"['ZZ20240506AMDHYD2223', 'BC']"
KBKC49,1,"['ZZ20240507AMDHYD2223', 'BC']"
WOLC44,1,"['ZZ20240507AMDHYD2223', 'BC']"
RYVS36,1,"['ZZ20240505AMDHYD2223', 'EC']"
DMVH24,1,"['ZZ20240506AMDHYD2223', 'BC']"
MEGA93,1,"['ZZ20240506AMDHYD2223', 'BC']"
PDRR44,1,"['ZZ20240505AMDHYD2223', 'EC']"
LOBZ81,1,"['ZZ20240506AMDHYD2223', 'FC']"
UKSB86,1,"['ZZ20240507AMDHYD2223', 'BC']"
GARS29,1,"['ZZ20240506AMDHYD2223', 'EC']"
YFIU24,1,"['ZZ20240506AMDHYD2223', 'EC']"
GJFY51,1,"['ZZ20240506AMDHYD2223', 'BC']"
OKCL60,1,"['ZZ20240507AMDHYD2223', 'BC']"
ZOEZ83,1,"['ZZ20240507AMDHYD2223', 'BC']"
VLAB49,1,"['ZZ20240507AMDHYD2223', 'BC']"
BBMY48,1,"['ZZ20240506AMDHYD2223', 'FC']"
KNWZ24,1,"['ZZ20240507AMDHYD2223', 'FC']"
XKFB77,1,"['ZZ20240507AMDHYD2223', 'FC']"
YEHF35,1,"['ZZ20240507AMDHYD2223', 'FC']"
OUMW51,1,"['ZZ20240507AMDHYD2223', 'FC']"
TQRJ42,1,"['ZZ20240506AMDHYD2223', 'BC']"
XSWS69,1,"['ZZ20240506AMDHYD2223', 'BC']"
CAEI40,1,"['ZZ20240506AMDHYD2223', 'EC']"
BGTR69,1,"['ZZ20240507AMDHYD2223', 'PC']"
ARQD42,1,"['ZZ20240505AMDHYD2223', 'EC']"
PZTV81,1,"['ZZ20240507AMDHYD2223', 'BC']"
