VBND61,1,"['ZZ20240506AMDHYD2223', 'BC']"
SSLU58,1,"['ZZ20240507AMDHYD2223', 'FC']"
DDIA25,1,"['ZZ20240505AMDHYD2223', 'EC']"
DJWG48,1,"['ZZ20240505AMDHYD2223', 'EC']"
KPPD59,1,"['ZZ20240506AMDHYD2223', 'BC']"
AVKH79,1,"['ZZ20240505AMDHYD2223', 'EC']"
BTKY23,1,"['ZZ20240506AMDHYD2223', 'BC']"
DYYT32,1,"['ZZ20240506AMDHYD2223', 'FC']"
IJBD42,1,"['ZZ20240505AMDHYD2223', 'EC']"
GTJF98,1,"['ZZ20240505AMDHYD2223', 'EC']"
PJHY16,1,"['ZZ20240506AMDHYD2223', 'FC']"
QKVR16,1,"['ZZ20240506AMDHYD2223', 'FC']"
VZID92,1,"['ZZ20240506AMDHYD2223', 'BC']"
SQHB38,1,"['ZZ20240506AMDHYD2223', 'BC']"
QVWF37,1,"['ZZ20240506AMDHYD2223', 'BC']"
BPLG41,1,"['ZZ20240506AMDHYD2223', 'FC']"
QEWH24,1,"['ZZ20240505AMDHYD2223', 'EC']"
GMTF21,1,"['ZZ20240507AMDHYD2223', 'BC']"
KVIB37,1,"['ZZ20240506AMDHYD2223', 'EC']"
LSHJ62,1,"['ZZ20240505AMDHYD2223', 'EC']"
MHAO84,1,"['ZZ20240506AMDHYD2223', 'BC']"
MTSE37,1,"['ZZ20240506AMDHYD2223', 'BC']"
SLPS17,1,"['ZZ20240506AMDHYD2223', 'BC']"
GXVH39,1,"['ZZ20240506AMDHYD2223', 'FC']"
MZGK86,1,"['ZZ20240506AMDHYD2223', 'FC']"
YNOD79,1,"['ZZ20240506AMDHYD2223', 'EC']"
AFAJ53,1,"['ZZ20240506AMDHYD2223', 'BC']"
GDMM37,1,"['ZZ20240506AMDHYD2223', 'FC']"
AZXJ72,1,"['ZZ20240506AMDHYD2223', 'EC']"
AZXJ72,1,"['ZZ20240506AMDHYD2223', 'EC']"
UJCI25,1,"['ZZ20240507AMDHYD2223', 'FC']"
VLMW49,1,"['ZZ20240507AMDHYD2223', 'FC']"
CLJV31,1,"['ZZ20240506AMDHYD2223', 'BC']"
RYVS36,1,"['ZZ20240505AMDHYD2223', 'EC']"
DMVH24,1,"['ZZ20240506AMDHYD2223', 'BC']"
OJCS24,1,"['ZZ20240507AMDHYD2223', 'FC']"
RSWK81,1,"['ZZ20240507AMDHYD2223', 'FC']"
MEGA93,1,"['ZZ20240506AMDHYD2223', 'FC']"
PDRR44,1,"['ZZ20240506AMDHYD2223', 'BC']"
MMYG89,1,"['ZZ20240506AMDHYD2223', 'EC']"
LOBZ81,1,"['ZZ20240506AMDHYD2223', 'FC']"
UKSB86,1,"['ZZ20240506AMDHYD2223', 'BC']"
GARS29,1,"['ZZ20240506AMDHYD2223', 'EC']"
YFIU24,1,"['ZZ20240507AMDHYD2223', 'FC']"
GJFY51,1,"['ZZ20240506AMDHYD2223', 'BC']"
OKCL60,1,"['ZZ20240507AMDHYD2223', 'PC']"
ZOEZ83,1,"['ZZ20240506AMDHYD2223', 'EC']"
EJFI16,1,"['ZZ20240506AMDHYD2223', 'BC']"
XSMW19,1,"['ZZ20240507AMDHYD2223', 'BC']"
QHBU69,1,"['ZZ20240506AMDHYD2223', 'BC']"
KNWZ24,1,"['ZZ20240507AMDHYD2223', 'BC']"
XKFB77,1,"['ZZ20240507AMDHYD2223', 'BC']"
OUMW51,1,"['ZZ20240507AMDHYD2223', 'BC']"
METW43,1,"['ZZ20240505AMDHYD2223', 'EC']"
MPZM21,1,"['ZZ20240506AMDHYD2223', 'BC']"
BGTR69,1,"['ZZ20240506AMDHYD2223', 'FC']"
PZTV81,1,"['ZZ20240507AMDHYD2223', 'BC']"
