VBND61,1,"['ZZ20240505AMDHYD2223', 'EC']"
NLHD46,1,"['ZZ20240505AMDHYD2223', 'EC']"
DDIA25,1,"['ZZ20240505AMDHYD2223', 'EC']"
DJWG48,1,"['ZZ20240506AMDHYD2223', 'FC']"
KPPD59,1,"['ZZ20240505AMDHYD2223', 'EC']"
JLHE38,1,"['ZZ20240506AMDHYD2223', 'BC']"
AVKH79,1,"['ZZ20240505AMDHYD2223', 'EC']"
BTKY23,1,"['ZZ20240506AMDHYD2223', 'FC']"
DYYT32,1,"['ZZ20240505AMDHYD2223', 'EC']"
IJBD42,1,"['ZZ20240505AMDHYD2223', 'EC']"
GTJF98,1,"['ZZ20240505AMDHYD2223', 'EC']"
SFDU26,1,"['ZZ20240505AMDHYD2223', 'EC']"
PJHY16,1,"['ZZ20240506AMDHYD2223', 'FC']"
DUFI36,1,"['ZZ20240505AMDHYD2223', 'EC']"
QKVR16,1,"['ZZ20240506AMDHYD2223', 'BC']"
VZID92,1,"['ZZ20240506AMDHYD2223', 'FC']"
SQHB38,1,"['ZZ20240506AMDHYD2223', 'BC']"
QEWH24,1,"['ZZ20240506AMDHYD2223', 'FC']"
GMTF21,1,"['ZZ20240506AMDHYD2223', 'BC']"
KVIB37,1,"['ZZ20240506AMDHYD2223', 'FC']"
MLIF89,1,"['ZZ20240506AMDHYD2223', 'FC']"
LSHJ62,1,"['ZZ20240505AMDHYD2223', 'EC']"
MHAO84,1,"['ZZ20240506AMDHYD2223', 'FC']"
MTSE37,1,"['ZZ20240505AMDHYD2223', 'EC']"
GXVH39,1,"['ZZ20240506AMDHYD2223', 'EC']"
MZGK86,1,"['ZZ20240506AMDHYD2223', 'BC']"
YNOD79,1,"['ZZ20240505AMDHYD2223', 'EC']"
JSND24,1,"['ZZ20240506AMDHYD2223', 'FC']"
AFAJ53,1,"['ZZ20240506AMDHYD2223', 'FC']"
DPQG14,1,"['ZZ20240506AMDHYD2223', 'FC']"
GDMM37,1,"['ZZ20240506AMDHYD2223', 'BC']"
AZXJ72,1,"['ZZ20240507AMDHYD2223', 'BC']"
UJCI25,1,"['ZZ20240506AMDHYD2223', 'BC']"
ZNZT72,1,"['ZZ20240506AMDHYD2223', 'BC']"
VLMW49,1,"['ZZ20240507AMDHYD2223', 'BC']"
CLJV31,1,"['ZZ20240507AMDHYD2223', 'FC']"
KBKC49,1,"['ZZ20240507AMDHYD2223', 'BC']"
DMVH24,1,"['ZZ20240506AMDHYD2223', 'BC']"
RSWK81,1,"['ZZ20240507AMDHYD2223', 'FC']"
PDRR44,1,"['ZZ20240506AMDHYD2223', 'FC']"
MMYG89,1,"['ZZ20240506AMDHYD2223', 'BC']"
UKSB86,1,"['ZZ20240506AMDHYD2223', 'BC']"
GARS29,1,"['ZZ20240506AMDHYD2223', 'FC']"
OKCL60,1,"['ZZ20240507AMDHYD2223', 'BC']"
ZOEZ83,1,"['ZZ20240506AMDHYD2223', 'FC']"
EJFI16,1,"['ZZ20240507AMDHYD2223', 'BC']"
XSMW19,1,"['ZZ20240506AMDHYD2223', 'BC']"
BBMY48,1,"['ZZ20240506AMDHYD2223', 'FC']"
XKFB77,1,"['ZZ20240507AMDHYD2223', 'FC']"
YEHF35,1,"['ZZ20240507AMDHYD2223', 'PC']"
OUMW51,1,"['ZZ20240507AMDHYD2223', 'FC']"
METW43,1,"['ZZ20240506AMDHYD2223', 'EC']"
TQRJ42,1,"['ZZ20240507AMDHYD2223', 'BC']"
XSWS69,1,"['ZZ20240506AMDHYD2223', 'EC']"
CAEI40,1,"['ZZ20240507AMDHYD2223', 'FC']"
MPZM21,1,"['ZZ20240506AMDHYD2223', 'BC']"
BGTR69,1,"['ZZ20240506AMDHYD2223', 'FC']"
PZTV81,1,"['ZZ20240506AMDHYD2223', 'FC']"
