IYUS58,1,"['ZZ20240624GAUPNQ3440', 'FC']"
SUWJ92,1,"['ZZ20240624GAUPNQ3440', 'FC']"
JAJA16,1,"['ZZ20240623GAUPNQ3440', 'EC']"
XEDC19,1,"['ZZ20240623GAUPNQ3440', 'EC']"
LLJS84,1,"['ZZ20240624GAUPNQ3440', 'FC']"
PBRM16,1,"['ZZ20240624GAUPNQ3440', 'BC']"
XURB90,1,"['ZZ20240624GAUPNQ3440', 'FC']"
EOIV21,1,"['ZZ20240623GAUPNQ3440', 'EC']"
IMGR81,1,"['ZZ20240624GAUPNQ3440', 'BC']"
DYDU45,1,"['ZZ20240624GAUPNQ3440', 'FC']"
GKBH21,1,"['ZZ20240623GAUPNQ3440', 'EC']"
JMGE47,1,"['ZZ20240624GAUPNQ3440', 'BC']"
TIVE40,1,"['ZZ20240624GAUPNQ3440', 'BC']"
FFKV79,1,"['ZZ20240624GAUPNQ3440', 'BC']"
