DPVI75,1,"['ZZ20240527AMDHYD2223', 'BC']"
WJKL72,2,"['ZZ20240526AMDMAA4012', 'FC']","['ZZ20240527MAAHYD4704', 'PC']"
HBRV45,1,"['ZZ20240525AMDHYD4341', 'EC']"
TSYL49,2,"['ZZ20240525AMDMAA4012', 'EC']","['ZZ20240526MAAHYD4704', 'EC']"
OOMN81,1,"['ZZ20240527AMDHYD2223', 'BC']"
BEBW83,1,"['ZZ20240527AMDHYD2223', 'BC']"
ZBIO93,1,"['ZZ20240527AMDHYD2223', 'FC']"
ENCC83,2,"['ZZ20240526AMDMAA4012', 'FC']","['ZZ20240527MAAHYD4704', 'PC']"
WBZQ94,2,"['ZZ20240525AMDMAA4012', 'EC']","['ZZ20240527MAAHYD4704', 'BC']"
REJQ98,2,"['ZZ20240526AMDMAA4012', 'FC']","['ZZ20240526MAAHYD4704', 'EC']"
LSEU32,2,"['ZZ20240526AMDMAA4012', 'BC']","['ZZ20240527MAAHYD4704', 'BC']"
RYQN10,2,"['ZZ20240525AMDMAA4012', 'EC']","['ZZ20240527MAAHYD4704', 'PC']"
NBJC80,1,"['ZZ20240527AMDHYD2223', 'EC']"
QFKM37,2,"['ZZ20240525AMDMAA4012', 'EC']","['ZZ20240527MAAHYD4704', 'FC']"
NOIK42,1,"['ZZ20240527AMDHYD2223', 'FC']"
BHSG60,2,"['ZZ20240526AMDMAA4012', 'BC']","['ZZ20240527MAAHYD4704', 'BC']"
AEVE30,2,"['ZZ20240526AMDMAA4012', 'BC']","['ZZ20240527MAAHYD4704', 'PC']"
YWZZ61,1,"['ZZ20240525AMDHYD4341', 'EC']"
KDVW48,1,"['ZZ20240527AMDHYD2223', 'FC']"
EUZQ70,2,"['ZZ20240526AMDMAA4012', 'FC']","['ZZ20240527MAAHYD4704', 'BC']"
SNAI79,1,"['ZZ20240527AMDHYD2223', 'BC']"
DOEY48,2,"['ZZ20240526AMDMAA4012', 'BC']","['ZZ20240527MAAHYD4704', 'FC']"
SISG61,2,"['ZZ20240526AMDMAA4012', 'FC']","['ZZ20240527MAAHYD4704', 'BC']"
MMCS10,1,"['ZZ20240527AMDHYD2223', 'FC']"
QYSL16,1,"['ZZ20240527AMDHYD2223', 'FC']"
UJIR86,1,"['ZZ20240526AMDHYD2223', 'EC']"
JCSS97,1,"['ZZ20240527AMDHYD2223', 'BC']"
OENO89,2,"['ZZ20240526AMDMAA4012', 'BC']","['ZZ20240527MAAHYD4704', 'FC']"
VVQP77,2,"['ZZ20240526AMDMAA4012', 'FC']","['ZZ20240527MAAHYD4704', 'PC']"
VFRT71,1,"['ZZ20240527AMDHYD2223', 'BC']"
BURL42,1,"['ZZ20240527AMDHYD2223', 'BC']"
COCL30,1,"['ZZ20240526AMDHYD2223', 'EC']"
GZPK82,1,"['ZZ20240527AMDHYD2223', 'BC']"
PERW12,1,"['ZZ20240527AMDHYD2223', 'FC']"
MHZO35,1,"['ZZ20240527AMDHYD2223', 'FC']"
VEPU53,1,"['ZZ20240527AMDHYD2223', 'FC']"
MCDU18,1,"['ZZ20240527AMDHYD2223', 'BC']"
VJZU16,2,"['ZZ20240526AMDMAA4012', 'FC']","['ZZ20240527MAAHYD4704', 'PC']"
UWCA53,2,"['ZZ20240525AMDMAA4012', 'EC']","['ZZ20240527MAAHYD4704', 'BC']"
GQNS26,1,"['ZZ20240528AMDHYD4341', 'FC']"
