RGUF40,1,"['ZZ20240527AMDHYD2223', 'PC']"
ECGC84,1,"['ZZ20240527AMDHYD2223', 'PC']"
POOV96,1,"['ZZ20240527AMDHYD2223', 'PC']"
HHZI45,1,"['ZZ20240527AMDHYD2223', 'PC']"
YQLK54,1,"['ZZ20240527AMDHYD2223', 'PC']"
LDPF56,1,"['ZZ20240527AMDHYD2223', 'PC']"
QLRI80,1,"['ZZ20240527AMDHYD2223', 'PC']"
ZSET10,1,"['ZZ20240527AMDHYD2223', 'PC']"
JPUP67,1,"['ZZ20240527AMDHYD2223', 'PC']"
HXNK36,1,"['ZZ20240527AMDHYD2223', 'PC']"
LOEP30,1,"['ZZ20240527AMDHYD2223', 'PC']"
QCOP79,1,"['ZZ20240527AMDHYD2223', 'PC']"
WFMM25,1,"['ZZ20240527AMDHYD2223', 'PC']"
FXQY32,1,"['ZZ20240527AMDHYD2223', 'PC']"
OYQE93,1,"['ZZ20240527AMDHYD2223', 'PC']"
