NLHD46,1,"['ZZ20240505AMDHYD2223', 'EC']"
SSLU58,1,"['ZZ20240506AMDHYD2223', 'BC']"
DJWG48,1,"['ZZ20240505AMDHYD2223', 'EC']"
KPPD59,1,"['ZZ20240505AMDHYD2223', 'EC']"
JLHE38,1,"['ZZ20240506AMDHYD2223', 'FC']"
AVKH79,1,"['ZZ20240506AMDHYD2223', 'FC']"
BTKY23,1,"['ZZ20240506AMDHYD2223', 'FC']"
IJBD42,1,"['ZZ20240506AMDHYD2223', 'FC']"
GTJF98,1,"['ZZ20240506AMDHYD2223', 'FC']"
SFDU26,1,"['ZZ20240506AMDHYD2223', 'FC']"
PJHY16,1,"['ZZ20240506AMDHYD2223', 'EC']"
DUFI36,1,"['ZZ20240505AMDHYD2223', 'EC']"
QKVR16,1,"['ZZ20240506AMDHYD2223', 'BC']"
SQHB38,1,"['ZZ20240506AMDHYD2223', 'BC']"
QVWF37,1,"['ZZ20240506AMDHYD2223', 'BC']"
BPLG41,1,"['ZZ20240506AMDHYD2223', 'BC']"
QEWH24,1,"['ZZ20240505AMDHYD2223', 'EC']"
GMTF21,1,"['ZZ20240506AMDHYD2223', 'FC']"
MLIF89,1,"['ZZ20240505AMDHYD2223', 'EC']"
OMAZ43,1,"['ZZ20240506AMDHYD2223', 'BC']"
LSHJ62,1,"['ZZ20240506AMDHYD2223', 'FC']"
MTSE37,1,"['ZZ20240505AMDHYD2223', 'EC']"
MZGK86,1,"['ZZ20240506AMDHYD2223', 'FC']"
JSND24,1,"['ZZ20240505AMDHYD2223', 'EC']"
GDMM37,1,"['ZZ20240507AMDHYD2223', 'PC']"
AZXJ72,1,"['ZZ20240505AMDHYD2223', 'EC']"
AZXJ72,1,"['ZZ20240505AMDHYD2223', 'EC']"
UJCI25,1,"['ZZ20240506AMDHYD2223', 'FC']"
ZNZT72,1,"['ZZ20240506AMDHYD2223', 'FC']"
VLMW49,1,"['ZZ20240506AMDHYD2223', 'BC']"
KBKC49,1,"['ZZ20240507AMDHYD2223', 'BC']"
DMVH24,1,"['ZZ20240505AMDHYD2223', 'EC']"
RSWK81,1,"['ZZ20240507AMDHYD2223', 'BC']"
MEGA93,1,"['ZZ20240506AMDHYD2223', 'BC']"
MMYG89,1,"['ZZ20240506AMDHYD2223', 'BC']"
LOBZ81,1,"['ZZ20240506AMDHYD2223', 'BC']"
GARS29,1,"['ZZ20240506AMDHYD2223', 'BC']"
YFIU24,1,"['ZZ20240506AMDHYD2223', 'FC']"
OKCL60,1,"['ZZ20240507AMDHYD2223', 'BC']"
ZOEZ83,1,"['ZZ20240506AMDHYD2223', 'FC']"
EJFI16,1,"['ZZ20240507AMDHYD2223', 'BC']"
QHBU69,1,"['ZZ20240506AMDHYD2223', 'EC']"
VLAB49,1,"['ZZ20240506AMDHYD2223', 'BC']"
BBMY48,1,"['ZZ20240506AMDHYD2223', 'BC']"
KNWZ24,1,"['ZZ20240507AMDHYD2223', 'FC']"
XKFB77,1,"['ZZ20240507AMDHYD2223', 'BC']"
YEHF35,1,"['ZZ20240507AMDHYD2223', 'FC']"
OUMW51,1,"['ZZ20240506AMDHYD2223', 'EC']"
METW43,1,"['ZZ20240507AMDHYD2223', 'FC']"
XSWS69,1,"['ZZ20240507AMDHYD2223', 'FC']"
MPZM21,1,"['ZZ20240506AMDHYD2223', 'BC']"
PZTV81,1,"['ZZ20240507AMDHYD2223', 'PC']"
