VBND61,1,"['ZZ20240505AMDHYD2223', 'EC']"
SSLU58,1,"['ZZ20240506AMDHYD2223', 'FC']"
DDIA25,1,"['ZZ20240505AMDHYD2223', 'EC']"
DJWG48,1,"['ZZ20240506AMDHYD2223', 'BC']"
KPPD59,1,"['ZZ20240505AMDHYD2223', 'EC']"
JLHE38,1,"['ZZ20240506AMDHYD2223', 'FC']"
AVKH79,1,"['ZZ20240506AMDHYD2223', 'FC']"
BTKY23,1,"['ZZ20240505AMDHYD2223', 'EC']"
DYYT32,1,"['ZZ20240505AMDHYD2223', 'EC']"
IJBD42,1,"['ZZ20240505AMDHYD2223', 'EC']"
GTJF98,1,"['ZZ20240506AMDHYD2223', 'BC']"
SFDU26,1,"['ZZ20240505AMDHYD2223', 'EC']"
DUFI36,1,"['ZZ20240505AMDHYD2223', 'EC']"
SQHB38,1,"['ZZ20240506AMDHYD2223', 'FC']"
QVWF37,1,"['ZZ20240506AMDHYD2223', 'BC']"
BPLG41,1,"['ZZ20240506AMDHYD2223', 'FC']"
KVIB37,1,"['ZZ20240505AMDHYD2223', 'EC']"
MLIF89,1,"['ZZ20240506AMDHYD2223', 'BC']"
LSHJ62,1,"['ZZ20240505AMDHYD2223', 'EC']"
MTSE37,1,"['ZZ20240506AMDHYD2223', 'EC']"
SLPS17,1,"['ZZ20240507AMDHYD2223', 'BC']"
GXVH39,1,"['ZZ20240506AMDHYD2223', 'BC']"
MZGK86,1,"['ZZ20240506AMDHYD2223', 'BC']"
YNOD79,1,"['ZZ20240506AMDHYD2223', 'EC']"
JSND24,1,"['ZZ20240505AMDHYD2223', 'EC']"
AFAJ53,1,"['ZZ20240505AMDHYD2223', 'EC']"
GDMM37,1,"['ZZ20240506AMDHYD2223', 'BC']"
AZXJ72,1,"['ZZ20240507AMDHYD2223', 'FC']"
AZXJ72,1,"['ZZ20240507AMDHYD2223', 'BC']"
UJCI25,1,"['ZZ20240506AMDHYD2223', 'EC']"
ZNZT72,1,"['ZZ20240506AMDHYD2223', 'FC']"
VLMW49,1,"['ZZ20240507AMDHYD2223', 'PC']"
CLJV31,1,"['ZZ20240506AMDHYD2223', 'EC']"
KBKC49,1,"['ZZ20240507AMDHYD2223', 'BC']"
WOLC44,1,"['ZZ20240507AMDHYD2223', 'BC']"
RYVS36,1,"['ZZ20240507AMDHYD2223', 'BC']"
DMVH24,1,"['ZZ20240507AMDHYD2223', 'FC']"
OJCS24,1,"['ZZ20240506AMDHYD2223', 'BC']"
RSWK81,1,"['ZZ20240506AMDHYD2223', 'BC']"
UKSB86,1,"['ZZ20240507AMDHYD2223', 'BC']"
GARS29,1,"['ZZ20240506AMDHYD2223', 'FC']"
YFIU24,1,"['ZZ20240507AMDHYD2223', 'BC']"
GJFY51,1,"['ZZ20240506AMDHYD2223', 'FC']"
OKCL60,1,"['ZZ20240507AMDHYD2223', 'BC']"
ZOEZ83,1,"['ZZ20240506AMDHYD2223', 'EC']"
EJFI16,1,"['ZZ20240507AMDHYD2223', 'FC']"
XSMW19,1,"['ZZ20240506AMDHYD2223', 'BC']"
OIZU50,1,"['ZZ20240507AMDHYD2223', 'BC']"
QHBU69,1,"['ZZ20240506AMDHYD2223', 'BC']"
VLAB49,1,"['ZZ20240507AMDHYD2223', 'FC']"
KNWZ24,1,"['ZZ20240507AMDHYD2223', 'BC']"
METW43,1,"['ZZ20240507AMDHYD2223', 'FC']"
TQRJ42,1,"['ZZ20240506AMDHYD2223', 'FC']"
XSWS69,1,"['ZZ20240506AMDHYD2223', 'EC']"
CAEI40,1,"['ZZ20240507AMDHYD2223', 'FC']"
BGTR69,1,"['ZZ20240506AMDHYD2223', 'BC']"
ARQD42,1,"['ZZ20240505AMDHYD2223', 'EC']"
PZTV81,1,"['ZZ20240507AMDHYD2223', 'FC']"
