VBND61,1,"['ZZ20240506AMDHYD2223', 'PC']"
BTKY23,1,"['ZZ20240506AMDHYD2223', 'PC']"
DYYT32,1,"['ZZ20240506AMDHYD2223', 'PC']"
IJBD42,1,"['ZZ20240506AMDHYD2223', 'PC']"
DUFI36,1,"['ZZ20240506AMDHYD2223', 'PC']"
QEWH24,1,"['ZZ20240506AMDHYD2223', 'PC']"
GXVH39,1,"['ZZ20240506AMDHYD2223', 'PC']"
MZGK86,1,"['ZZ20240506AMDHYD2223', 'PC']"
GDMM37,1,"['ZZ20240506AMDHYD2223', 'PC']"
UJCI25,1,"['ZZ20240506AMDHYD2223', 'PC']"
ZNZT72,1,"['ZZ20240506AMDHYD2223', 'PC']"
VLMW49,1,"['ZZ20240506AMDHYD2223', 'PC']"
CLJV31,1,"['ZZ20240506AMDHYD2223', 'PC']"
RYVS36,1,"['ZZ20240506AMDHYD2223', 'PC']"
UKSB86,1,"['ZZ20240506AMDHYD2223', 'PC']"
GARS29,1,"['ZZ20240506AMDHYD2223', 'PC']"
XSMW19,1,"['ZZ20240506AMDHYD2223', 'PC']"
OUMW51,1,"['ZZ20240506AMDHYD2223', 'PC']"
TQRJ42,1,"['ZZ20240506AMDHYD2223', 'PC']"
