VBND61,1,"['ZZ20240506AMDHYD2223', 'PC']"
BPLG41,1,"['ZZ20240506AMDHYD2223', 'PC']"
QEWH24,1,"['ZZ20240506AMDHYD2223', 'PC']"
MHAO84,1,"['ZZ20240506AMDHYD2223', 'PC']"
MTSE37,1,"['ZZ20240506AMDHYD2223', 'PC']"
GXVH39,1,"['ZZ20240506AMDHYD2223', 'PC']"
VLMW49,1,"['ZZ20240506AMDHYD2223', 'PC']"
KBKC49,1,"['ZZ20240506AMDHYD2223', 'PC']"
PRWK90,1,"['ZZ20240506AMDHYD2223', 'PC']"
MEGA93,1,"['ZZ20240506AMDHYD2223', 'PC']"
UKSB86,1,"['ZZ20240506AMDHYD2223', 'PC']"
YFIU24,1,"['ZZ20240506AMDHYD2223', 'PC']"
GJFY51,1,"['ZZ20240506AMDHYD2223', 'PC']"
TQRJ42,1,"['ZZ20240506AMDHYD2223', 'PC']"
MPZM21,1,"['ZZ20240506AMDHYD2223', 'PC']"
