NLHD46,1,"['ZZ20240505AMDHYD2223', 'EC']"
SSLU58,1,"['ZZ20240506AMDHYD2223', 'BC']"
DDIA25,1,"['ZZ20240506AMDHYD2223', 'EC']"
DJWG48,1,"['ZZ20240507AMDHYD2223', 'FC']"
KPPD59,1,"['ZZ20240505AMDHYD2223', 'EC']"
JLHE38,1,"['ZZ20240506AMDHYD2223', 'FC']"
AVKH79,1,"['ZZ20240506AMDHYD2223', 'FC']"
BTKY23,1,"['ZZ20240505AMDHYD2223', 'EC']"
DYYT32,1,"['ZZ20240505AMDHYD2223', 'EC']"
IJBD42,1,"['ZZ20240505AMDHYD2223', 'EC']"
GTJF98,1,"['ZZ20240505AMDHYD2223', 'EC']"
SFDU26,1,"['ZZ20240506AMDHYD2223', 'FC']"
PJHY16,1,"['ZZ20240505AMDHYD2223', 'EC']"
DUFI36,1,"['ZZ20240505AMDHYD2223', 'EC']"
QKVR16,1,"['ZZ20240505AMDHYD2223', 'EC']"
VZID92,1,"['ZZ20240505AMDHYD2223', 'EC']"
SQHB38,1,"['ZZ20240506AMDHYD2223', 'FC']"
QVWF37,1,"['ZZ20240506AMDHYD2223', 'FC']"
GMTF21,1,"['ZZ20240506AMDHYD2223', 'FC']"
KVIB37,1,"['ZZ20240506AMDHYD2223', 'BC']"
MLIF89,1,"['ZZ20240506AMDHYD2223', 'FC']"
OMAZ43,1,"['ZZ20240506AMDHYD2223', 'FC']"
LSHJ62,1,"['ZZ20240505AMDHYD2223', 'EC']"
SLPS17,1,"['ZZ20240506AMDHYD2223', 'FC']"
MZGK86,1,"['ZZ20240506AMDHYD2223', 'FC']"
YNOD79,1,"['ZZ20240505AMDHYD2223', 'EC']"
JSND24,1,"['ZZ20240506AMDHYD2223', 'BC']"
AFAJ53,1,"['ZZ20240505AMDHYD2223', 'EC']"
DPQG14,1,"['ZZ20240507AMDHYD2223', 'FC']"
GDMM37,1,"['ZZ20240507AMDHYD2223', 'BC']"
AZXJ72,1,"['ZZ20240507AMDHYD2223', 'FC']"
AZXJ72,1,"['ZZ20240507AMDHYD2223', 'BC']"
UJCI25,1,"['ZZ20240507AMDHYD2223', 'FC']"
ZNZT72,1,"['ZZ20240506AMDHYD2223', 'BC']"
CLJV31,1,"['ZZ20240506AMDHYD2223', 'FC']"
WOLC44,1,"['ZZ20240507AMDHYD2223', 'FC']"
RYVS36,1,"['ZZ20240507AMDHYD2223', 'PC']"
DMVH24,1,"['ZZ20240506AMDHYD2223', 'FC']"
OJCS24,1,"['ZZ20240506AMDHYD2223', 'BC']"
RSWK81,1,"['ZZ20240506AMDHYD2223', 'BC']"
PDRR44,1,"['ZZ20240507AMDHYD2223', 'BC']"
MMYG89,1,"['ZZ20240507AMDHYD2223', 'BC']"
LOBZ81,1,"['ZZ20240506AMDHYD2223', 'FC']"
GARS29,1,"['ZZ20240507AMDHYD2223', 'PC']"
OKCL60,1,"['ZZ20240507AMDHYD2223', 'FC']"
ZOEZ83,1,"['ZZ20240507AMDHYD2223', 'BC']"
EJFI16,1,"['ZZ20240506AMDHYD2223', 'EC']"
XSMW19,1,"['ZZ20240506AMDHYD2223', 'BC']"
OIZU50,1,"['ZZ20240507AMDHYD2223', 'BC']"
QHBU69,1,"['ZZ20240506AMDHYD2223', 'BC']"
VLAB49,1,"['ZZ20240506AMDHYD2223', 'EC']"
BBMY48,1,"['ZZ20240506AMDHYD2223', 'BC']"
KNWZ24,1,"['ZZ20240507AMDHYD2223', 'BC']"
XKFB77,1,"['ZZ20240507AMDHYD2223', 'BC']"
YEHF35,1,"['ZZ20240507AMDHYD2223', 'FC']"
OUMW51,1,"['ZZ20240506AMDHYD2223', 'EC']"
METW43,1,"['ZZ20240507AMDHYD2223', 'FC']"
XSWS69,1,"['ZZ20240507AMDHYD2223', 'BC']"
CAEI40,1,"['ZZ20240506AMDHYD2223', 'BC']"
BGTR69,1,"['ZZ20240507AMDHYD2223', 'BC']"
ARQD42,1,"['ZZ20240506AMDHYD2223', 'FC']"
PZTV81,1,"['ZZ20240507AMDHYD2223', 'BC']"
