NLHD46,1,"['ZZ20240506AMDHYD2223', 'PC']"
PJHY16,1,"['ZZ20240506AMDHYD2223', 'PC']"
QKVR16,1,"['ZZ20240506AMDHYD2223', 'PC']"
VZID92,1,"['ZZ20240506AMDHYD2223', 'PC']"
QEWH24,1,"['ZZ20240506AMDHYD2223', 'PC']"
GMTF21,1,"['ZZ20240506AMDHYD2223', 'PC']"
OMAZ43,1,"['ZZ20240506AMDHYD2223', 'PC']"
MHAO84,1,"['ZZ20240506AMDHYD2223', 'PC']"
DPQG14,1,"['ZZ20240506AMDHYD2223', 'PC']"
PRWK90,1,"['ZZ20240506AMDHYD2223', 'PC']"
MEGA93,1,"['ZZ20240506AMDHYD2223', 'PC']"
PDRR44,1,"['ZZ20240506AMDHYD2223', 'PC']"
MMYG89,1,"['ZZ20240506AMDHYD2223', 'PC']"
LOBZ81,1,"['ZZ20240506AMDHYD2223', 'PC']"
BBMY48,1,"['ZZ20240506AMDHYD2223', 'PC']"
XKFB77,1,"['ZZ20240506AMDHYD2223', 'PC']"
YEHF35,1,"['ZZ20240506AMDHYD2223', 'PC']"
OUMW51,1,"['ZZ20240506AMDHYD2223', 'PC']"
MPZM21,1,"['ZZ20240506AMDHYD2223', 'PC']"
