QFKM37,1,"['ZZ20240527AMDHYD2223', 'PC']"
AEVE30,1,"['ZZ20240527AMDHYD2223', 'PC']"
MMCS10,1,"['ZZ20240527AMDHYD2223', 'PC']"
JCSS97,1,"['ZZ20240527AMDHYD2223', 'PC']"
OENO89,1,"['ZZ20240527AMDHYD2223', 'PC']"
LOEP30,1,"['ZZ20240527AMDHYD2223', 'PC']"
VFRT71,1,"['ZZ20240527AMDHYD2223', 'PC']"
BURL42,1,"['ZZ20240527AMDHYD2223', 'PC']"
GZPK82,1,"['ZZ20240527AMDHYD2223', 'PC']"
WFMM25,1,"['ZZ20240527AMDHYD2223', 'PC']"
VEPU53,1,"['ZZ20240527AMDHYD2223', 'PC']"
GQNS26,1,"['ZZ20240527AMDHYD2223', 'PC']"
