POOV96,1,"['ZZ20240527AMDHYD2223', 'PC']"
DOEY48,1,"['ZZ20240527AMDHYD2223', 'PC']"
QYSL16,1,"['ZZ20240527AMDHYD2223', 'PC']"
LDPF56,1,"['ZZ20240527AMDHYD2223', 'PC']"
JCSS97,1,"['ZZ20240527AMDHYD2223', 'PC']"
BURL42,1,"['ZZ20240527AMDHYD2223', 'PC']"
WFMM25,1,"['ZZ20240527AMDHYD2223', 'PC']"
FXQY32,1,"['ZZ20240527AMDHYD2223', 'PC']"
VEPU53,1,"['ZZ20240527AMDHYD2223', 'PC']"
MCDU18,1,"['ZZ20240527AMDHYD2223', 'PC']"
VJZU16,1,"['ZZ20240527AMDHYD2223', 'PC']"
OYQE93,1,"['ZZ20240527AMDHYD2223', 'PC']"
GQNS26,1,"['ZZ20240527AMDHYD2223', 'PC']"
