VBND61,1,"['ZZ20240506AMDHYD2223', 'PC']"
DDIA25,1,"['ZZ20240506AMDHYD2223', 'PC']"
DYYT32,1,"['ZZ20240506AMDHYD2223', 'PC']"
VZID92,1,"['ZZ20240506AMDHYD2223', 'PC']"
KVIB37,1,"['ZZ20240506AMDHYD2223', 'PC']"
MHAO84,1,"['ZZ20240506AMDHYD2223', 'PC']"
SLPS17,1,"['ZZ20240506AMDHYD2223', 'PC']"
GXVH39,1,"['ZZ20240506AMDHYD2223', 'PC']"
YNOD79,1,"['ZZ20240506AMDHYD2223', 'PC']"
AFAJ53,1,"['ZZ20240506AMDHYD2223', 'PC']"
DPQG14,1,"['ZZ20240506AMDHYD2223', 'PC']"
CLJV31,1,"['ZZ20240506AMDHYD2223', 'PC']"
WOLC44,1,"['ZZ20240506AMDHYD2223', 'PC']"
RYVS36,1,"['ZZ20240506AMDHYD2223', 'PC']"
OJCS24,1,"['ZZ20240506AMDHYD2223', 'PC']"
PRWK90,1,"['ZZ20240506AMDHYD2223', 'PC']"
PDRR44,1,"['ZZ20240506AMDHYD2223', 'PC']"
UKSB86,1,"['ZZ20240506AMDHYD2223', 'PC']"
GJFY51,1,"['ZZ20240506AMDHYD2223', 'PC']"
XSMW19,1,"['ZZ20240506AMDHYD2223', 'PC']"
OIZU50,1,"['ZZ20240506AMDHYD2223', 'PC']"
TQRJ42,1,"['ZZ20240506AMDHYD2223', 'PC']"
CAEI40,1,"['ZZ20240506AMDHYD2223', 'PC']"
BGTR69,1,"['ZZ20240506AMDHYD2223', 'PC']"
ARQD42,1,"['ZZ20240506AMDHYD2223', 'PC']"
