NLHD46,1,"['ZZ20240505AMDHYD2223', 'EC']"
SSLU58,1,"['ZZ20240505AMDHYD2223', 'EC']"
DDIA25,1,"['ZZ20240505AMDHYD2223', 'EC']"
DJWG48,1,"['ZZ20240505AMDHYD2223', 'EC']"
KPPD59,1,"['ZZ20240505AMDHYD2223', 'EC']"
JLHE38,1,"['ZZ20240506AMDHYD2223', 'BC']"
AVKH79,1,"['ZZ20240506AMDHYD2223', 'FC']"
GTJF98,1,"['ZZ20240505AMDHYD2223', 'EC']"
SFDU26,1,"['ZZ20240505AMDHYD2223', 'EC']"
PJHY16,1,"['ZZ20240506AMDHYD2223', 'FC']"
QKVR16,1,"['ZZ20240506AMDHYD2223', 'BC']"
VZID92,1,"['ZZ20240505AMDHYD2223', 'EC']"
SQHB38,1,"['ZZ20240506AMDHYD2223', 'FC']"
QVWF37,1,"['ZZ20240506AMDHYD2223', 'BC']"
BPLG41,1,"['ZZ20240506AMDHYD2223', 'EC']"
GMTF21,1,"['ZZ20240506AMDHYD2223', 'BC']"
KVIB37,1,"['ZZ20240506AMDHYD2223', 'BC']"
MLIF89,1,"['ZZ20240506AMDHYD2223', 'FC']"
OMAZ43,1,"['ZZ20240507AMDHYD2223', 'BC']"
LSHJ62,1,"['ZZ20240506AMDHYD2223', 'FC']"
MHAO84,1,"['ZZ20240507AMDHYD2223', 'BC']"
MTSE37,1,"['ZZ20240506AMDHYD2223', 'FC']"
SLPS17,1,"['ZZ20240506AMDHYD2223', 'FC']"
YNOD79,1,"['ZZ20240506AMDHYD2223', 'FC']"
JSND24,1,"['ZZ20240505AMDHYD2223', 'EC']"
AFAJ53,1,"['ZZ20240506AMDHYD2223', 'FC']"
DPQG14,1,"['ZZ20240505AMDHYD2223', 'EC']"
AZXJ72,1,"['ZZ20240506AMDHYD2223', 'BC']"
AZXJ72,1,"['ZZ20240506AMDHYD2223', 'FC']"
KBKC49,1,"['ZZ20240507AMDHYD2223', 'BC']"
WOLC44,1,"['ZZ20240505AMDHYD2223', 'EC']"
DMVH24,1,"['ZZ20240506AMDHYD2223', 'FC']"
OJCS24,1,"['ZZ20240506AMDHYD2223', 'BC']"
RSWK81,1,"['ZZ20240507AMDHYD2223', 'FC']"
PRWK90,1,"['ZZ20240506AMDHYD2223', 'FC']"
MEGA93,1,"['ZZ20240507AMDHYD2223', 'FC']"
PDRR44,1,"['ZZ20240505AMDHYD2223', 'EC']"
MMYG89,1,"['ZZ20240506AMDHYD2223', 'FC']"
LOBZ81,1,"['ZZ20240506AMDHYD2223', 'BC']"
YFIU24,1,"['ZZ20240506AMDHYD2223', 'BC']"
GJFY51,1,"['ZZ20240506AMDHYD2223', 'FC']"
OKCL60,1,"['ZZ20240507AMDHYD2223', 'BC']"
ZOEZ83,1,"['ZZ20240506AMDHYD2223', 'BC']"
EJFI16,1,"['ZZ20240507AMDHYD2223', 'FC']"
OIZU50,1,"['ZZ20240507AMDHYD2223', 'FC']"
QHBU69,1,"['ZZ20240506AMDHYD2223', 'BC']"
VLAB49,1,"['ZZ20240506AMDHYD2223', 'FC']"
BBMY48,1,"['ZZ20240506AMDHYD2223', 'BC']"
KNWZ24,1,"['ZZ20240507AMDHYD2223', 'BC']"
XKFB77,1,"['ZZ20240507AMDHYD2223', 'BC']"
YEHF35,1,"['ZZ20240506AMDHYD2223', 'BC']"
METW43,1,"['ZZ20240506AMDHYD2223', 'EC']"
XSWS69,1,"['ZZ20240506AMDHYD2223', 'FC']"
CAEI40,1,"['ZZ20240506AMDHYD2223', 'EC']"
MPZM21,1,"['ZZ20240507AMDHYD2223', 'PC']"
BGTR69,1,"['ZZ20240506AMDHYD2223', 'FC']"
ARQD42,1,"['ZZ20240505AMDHYD2223', 'EC']"
PZTV81,1,"['ZZ20240507AMDHYD2223', 'FC']"
