IJBD42,1,"['ZZ20240506AMDHYD2223', 'PC']"
SFDU26,1,"['ZZ20240506AMDHYD2223', 'PC']"
PJHY16,1,"['ZZ20240506AMDHYD2223', 'PC']"
DUFI36,1,"['ZZ20240506AMDHYD2223', 'PC']"
QKVR16,1,"['ZZ20240506AMDHYD2223', 'PC']"
VZID92,1,"['ZZ20240506AMDHYD2223', 'PC']"
QVWF37,1,"['ZZ20240506AMDHYD2223', 'PC']"
BPLG41,1,"['ZZ20240506AMDHYD2223', 'PC']"
QEWH24,1,"['ZZ20240506AMDHYD2223', 'PC']"
MLIF89,1,"['ZZ20240506AMDHYD2223', 'PC']"
YNOD79,1,"['ZZ20240506AMDHYD2223', 'PC']"
AFAJ53,1,"['ZZ20240506AMDHYD2223', 'PC']"
DPQG14,1,"['ZZ20240506AMDHYD2223', 'PC']"
AZXJ72,1,"['ZZ20240506AMDHYD2223', 'PC']"
UJCI25,1,"['ZZ20240506AMDHYD2223', 'PC']"
CLJV31,1,"['ZZ20240506AMDHYD2223', 'PC']"
WOLC44,1,"['ZZ20240506AMDHYD2223', 'PC']"
RYVS36,1,"['ZZ20240506AMDHYD2223', 'PC']"
DMVH24,1,"['ZZ20240506AMDHYD2223', 'PC']"
PRWK90,1,"['ZZ20240506AMDHYD2223', 'PC']"
PDRR44,1,"['ZZ20240506AMDHYD2223', 'PC']"
MMYG89,1,"['ZZ20240506AMDHYD2223', 'PC']"
LOBZ81,1,"['ZZ20240506AMDHYD2223', 'PC']"
GARS29,1,"['ZZ20240506AMDHYD2223', 'PC']"
YFIU24,1,"['ZZ20240506AMDHYD2223', 'PC']"
ZOEZ83,1,"['ZZ20240506AMDHYD2223', 'PC']"
OIZU50,1,"['ZZ20240506AMDHYD2223', 'PC']"
VLAB49,1,"['ZZ20240506AMDHYD2223', 'PC']"
METW43,1,"['ZZ20240506AMDHYD2223', 'PC']"
MPZM21,1,"['ZZ20240506AMDHYD2223', 'PC']"
BGTR69,1,"['ZZ20240506AMDHYD2223', 'PC']"
ARQD42,1,"['ZZ20240506AMDHYD2223', 'PC']"
PZTV81,1,"['ZZ20240506AMDHYD2223', 'PC']"
