PJHY16,1,"['ZZ20240506AMDHYD2223', 'PC']"
KVIB37,1,"['ZZ20240506AMDHYD2223', 'PC']"
MHAO84,1,"['ZZ20240506AMDHYD2223', 'PC']"
SLPS17,1,"['ZZ20240506AMDHYD2223', 'PC']"
RSWK81,1,"['ZZ20240506AMDHYD2223', 'PC']"
MEGA93,1,"['ZZ20240506AMDHYD2223', 'PC']"
YFIU24,1,"['ZZ20240506AMDHYD2223', 'PC']"
GJFY51,1,"['ZZ20240506AMDHYD2223', 'PC']"
ZOEZ83,1,"['ZZ20240506AMDHYD2223', 'PC']"
VLAB49,1,"['ZZ20240506AMDHYD2223', 'PC']"
METW43,1,"['ZZ20240506AMDHYD2223', 'PC']"
TQRJ42,1,"['ZZ20240506AMDHYD2223', 'PC']"
CAEI40,1,"['ZZ20240506AMDHYD2223', 'PC']"
MPZM21,1,"['ZZ20240506AMDHYD2223', 'PC']"
PZTV81,1,"['ZZ20240506AMDHYD2223', 'PC']"
