WJKL72,1,"['ZZ20240527AMDHYD2223', 'EC']"
HBRV45,1,"['ZZ20240526AMDHYD2223', 'EC']"
OOMN81,2,"['ZZ20240525AMDMAA4012', 'EC']","['ZZ20240526MAAHYD4704', 'EC']"
BEBW83,1,"['ZZ20240527AMDHYD2223', 'FC']"
ZBIO93,1,"['ZZ20240527AMDHYD2223', 'FC']"
RGUF40,2,"['ZZ20240526AMDMAA4012', 'FC']","['ZZ20240527MAAHYD4704', 'FC']"
WBZQ94,1,"['ZZ20240527AMDHYD2223', 'FC']"
REJQ98,1,"['ZZ20240527AMDHYD2223', 'FC']"
LSEU32,1,"['ZZ20240527AMDHYD2223', 'FC']"
ECGC84,2,"['ZZ20240526AMDMAA4012', 'FC']","['ZZ20240527MAAHYD4704', 'BC']"
POOV96,1,"['ZZ20240525AMDHYD4341', 'EC']"
NBJC80,1,"['ZZ20240526AMDHYD2223', 'EC']"
BHSG60,1,"['ZZ20240527AMDHYD2223', 'BC']"
YWZZ61,2,"['ZZ20240525AMDMAA4012', 'EC']","['ZZ20240526MAAHYD4704', 'EC']"
KDVW48,2,"['ZZ20240526AMDMAA4012', 'FC']","['ZZ20240527MAAHYD4704', 'FC']"
HHZI45,2,"['ZZ20240526AMDMAA4012', 'BC']","['ZZ20240527MAAHYD4704', 'BC']"
EUZQ70,2,"['ZZ20240526AMDMAA4012', 'BC']","['ZZ20240527MAAHYD4704', 'PC']"
SNAI79,2,"['ZZ20240526AMDMAA4012', 'BC']","['ZZ20240527MAAHYD4704', 'PC']"
YQLK54,2,"['ZZ20240526AMDMAA4012', 'FC']","['ZZ20240526MAAHYD4704', 'EC']"
DOEY48,1,"['ZZ20240527AMDHYD2223', 'BC']"
SISG61,2,"['ZZ20240526AMDMAA4012', 'FC']","['ZZ20240527MAAHYD4704', 'BC']"
MMCS10,2,"['ZZ20240525AMDMAA4012', 'EC']","['ZZ20240527MAAHYD4704', 'BC']"
QYSL16,1,"['ZZ20240527AMDHYD2223', 'BC']"
LDPF56,1,"['ZZ20240527AMDHYD2223', 'EC']"
UJIR86,1,"['ZZ20240527AMDHYD2223', 'BC']"
QLRI80,1,"['ZZ20240527AMDHYD2223', 'FC']"
OENO89,1,"['ZZ20240527AMDHYD2223', 'FC']"
VVQP77,1,"['ZZ20240527AMDHYD2223', 'BC']"
ZSET10,2,"['ZZ20240526AMDMAA4012', 'FC']","['ZZ20240527MAAHYD4704', 'PC']"
HXNK36,2,"['ZZ20240526AMDMAA4012', 'PC']","['ZZ20240527MAAHYD4704', 'PC']"
LOEP30,1,"['ZZ20240527AMDHYD2223', 'BC']"
VFRT71,1,"['ZZ20240526AMDHYD2223', 'EC']"
GZPK82,1,"['ZZ20240527AMDHYD2223', 'BC']"
PERW12,1,"['ZZ20240527AMDHYD2223', 'FC']"
MHZO35,2,"['ZZ20240526AMDMAA4012', 'BC']","['ZZ20240527MAAHYD4704', 'PC']"
FXQY32,2,"['ZZ20240526AMDMAA4012', 'FC']","['ZZ20240527MAAHYD4704', 'FC']"
MCDU18,1,"['ZZ20240527AMDHYD2223', 'BC']"
VJZU16,2,"['ZZ20240526AMDMAA4012', 'BC']","['ZZ20240527MAAHYD4704', 'BC']"
UWCA53,1,"['ZZ20240527AMDHYD2223', 'BC']"
GQNS26,2,"['ZZ20240526AMDMAA4012', 'BC']","['ZZ20240527MAAHYD4704', 'PC']"
