RYQN10,1,"['ZZ20240527AMDHYD2223', 'PC']"
QFKM37,1,"['ZZ20240527AMDHYD2223', 'PC']"
AEVE30,1,"['ZZ20240527AMDHYD2223', 'PC']"
HHZI45,1,"['ZZ20240527AMDHYD2223', 'PC']"
MMCS10,1,"['ZZ20240527AMDHYD2223', 'PC']"
OENO89,1,"['ZZ20240527AMDHYD2223', 'PC']"
LOEP30,1,"['ZZ20240527AMDHYD2223', 'PC']"
VFRT71,1,"['ZZ20240527AMDHYD2223', 'PC']"
BURL42,1,"['ZZ20240527AMDHYD2223', 'PC']"
GZPK82,1,"['ZZ20240527AMDHYD2223', 'PC']"
WFMM25,1,"['ZZ20240527AMDHYD2223', 'PC']"
MCDU18,1,"['ZZ20240527AMDHYD2223', 'PC']"
