VBND61,1,"['ZZ20240506AMDHYD2223', 'FC']"
NLHD46,1,"['ZZ20240506AMDHYD2223', 'FC']"
SSLU58,1,"['ZZ20240506AMDHYD2223', 'BC']"
DDIA25,1,"['ZZ20240506AMDHYD2223', 'FC']"
DJWG48,1,"['ZZ20240506AMDHYD2223', 'FC']"
KPPD59,1,"['ZZ20240506AMDHYD2223', 'FC']"
JLHE38,1,"['ZZ20240506AMDHYD2223', 'FC']"
AVKH79,1,"['ZZ20240505AMDHYD2223', 'EC']"
BTKY23,1,"['ZZ20240505AMDHYD2223', 'EC']"
DYYT32,1,"['ZZ20240505AMDHYD2223', 'EC']"
GTJF98,1,"['ZZ20240505AMDHYD2223', 'EC']"
SQHB38,1,"['ZZ20240505AMDHYD2223', 'EC']"
GMTF21,1,"['ZZ20240506AMDHYD2223', 'BC']"
KVIB37,1,"['ZZ20240507AMDHYD2223', 'FC']"
OMAZ43,1,"['ZZ20240506AMDHYD2223', 'FC']"
LSHJ62,1,"['ZZ20240505AMDHYD2223', 'EC']"
MHAO84,1,"['ZZ20240506AMDHYD2223', 'BC']"
MTSE37,1,"['ZZ20240506AMDHYD2223', 'FC']"
SLPS17,1,"['ZZ20240505AMDHYD2223', 'EC']"
GXVH39,1,"['ZZ20240505AMDHYD2223', 'EC']"
MZGK86,1,"['ZZ20240506AMDHYD2223', 'BC']"
JSND24,1,"['ZZ20240506AMDHYD2223', 'FC']"
GDMM37,1,"['ZZ20240507AMDHYD2223', 'BC']"
AZXJ72,1,"['ZZ20240506AMDHYD2223', 'FC']"
ZNZT72,1,"['ZZ20240506AMDHYD2223', 'BC']"
VLMW49,1,"['ZZ20240507AMDHYD2223', 'FC']"
KBKC49,1,"['ZZ20240507AMDHYD2223', 'BC']"
OJCS24,1,"['ZZ20240506AMDHYD2223', 'BC']"
RSWK81,1,"['ZZ20240507AMDHYD2223', 'FC']"
MEGA93,1,"['ZZ20240507AMDHYD2223', 'BC']"
UKSB86,1,"['ZZ20240506AMDHYD2223', 'BC']"
GJFY51,1,"['ZZ20240506AMDHYD2223', 'BC']"
OKCL60,1,"['ZZ20240506AMDHYD2223', 'EC']"
EJFI16,1,"['ZZ20240507AMDHYD2223', 'BC']"
XSMW19,1,"['ZZ20240506AMDHYD2223', 'FC']"
QHBU69,1,"['ZZ20240506AMDHYD2223', 'EC']"
BBMY48,1,"['ZZ20240506AMDHYD2223', 'FC']"
KNWZ24,1,"['ZZ20240507AMDHYD2223', 'BC']"
XKFB77,1,"['ZZ20240507AMDHYD2223', 'FC']"
YEHF35,1,"['ZZ20240507AMDHYD2223', 'PC']"
OUMW51,1,"['ZZ20240506AMDHYD2223', 'FC']"
TQRJ42,1,"['ZZ20240506AMDHYD2223', 'BC']"
XSWS69,1,"['ZZ20240506AMDHYD2223', 'BC']"
CAEI40,1,"['ZZ20240507AMDHYD2223', 'FC']"
