DPVI75,1,"['ZZ20240527AMDHYD2223', 'PC']"
TSYL49,1,"['ZZ20240527AMDHYD2223', 'PC']"
ENCC83,1,"['ZZ20240527AMDHYD2223', 'PC']"
RYQN10,1,"['ZZ20240527AMDHYD2223', 'PC']"
QFKM37,1,"['ZZ20240527AMDHYD2223', 'PC']"
NOIK42,1,"['ZZ20240527AMDHYD2223', 'PC']"
AEVE30,1,"['ZZ20240527AMDHYD2223', 'PC']"
JCSS97,1,"['ZZ20240527AMDHYD2223', 'PC']"
JPUP67,1,"['ZZ20240527AMDHYD2223', 'PC']"
QCOP79,1,"['ZZ20240527AMDHYD2223', 'PC']"
BURL42,1,"['ZZ20240527AMDHYD2223', 'PC']"
COCL30,1,"['ZZ20240527AMDHYD2223', 'PC']"
WFMM25,1,"['ZZ20240527AMDHYD2223', 'PC']"
VEPU53,1,"['ZZ20240527AMDHYD2223', 'PC']"
OYQE93,1,"['ZZ20240527AMDHYD2223', 'PC']"
