VBND61,1,"['ZZ20240506AMDHYD2223', 'BC']"
NLHD46,1,"['ZZ20240505AMDHYD2223', 'EC']"
SSLU58,1,"['ZZ20240505AMDHYD2223', 'EC']"
DDIA25,1,"['ZZ20240505AMDHYD2223', 'EC']"
DJWG48,1,"['ZZ20240505AMDHYD2223', 'EC']"
KPPD59,1,"['ZZ20240506AMDHYD2223', 'FC']"
JLHE38,1,"['ZZ20240506AMDHYD2223', 'EC']"
AVKH79,1,"['ZZ20240506AMDHYD2223', 'FC']"
BTKY23,1,"['ZZ20240506AMDHYD2223', 'FC']"
DYYT32,1,"['ZZ20240505AMDHYD2223', 'EC']"
IJBD42,1,"['ZZ20240505AMDHYD2223', 'EC']"
GTJF98,1,"['ZZ20240505AMDHYD2223', 'EC']"
SFDU26,1,"['ZZ20240506AMDHYD2223', 'FC']"
DUFI36,1,"['ZZ20240506AMDHYD2223', 'BC']"
QKVR16,1,"['ZZ20240506AMDHYD2223', 'FC']"
VZID92,1,"['ZZ20240505AMDHYD2223', 'EC']"
SQHB38,1,"['ZZ20240506AMDHYD2223', 'FC']"
QVWF37,1,"['ZZ20240506AMDHYD2223', 'BC']"
BPLG41,1,"['ZZ20240506AMDHYD2223', 'FC']"
QEWH24,1,"['ZZ20240506AMDHYD2223', 'FC']"
GMTF21,1,"['ZZ20240506AMDHYD2223', 'BC']"
MLIF89,1,"['ZZ20240506AMDHYD2223', 'FC']"
OMAZ43,1,"['ZZ20240506AMDHYD2223', 'BC']"
LSHJ62,1,"['ZZ20240506AMDHYD2223', 'FC']"
MTSE37,1,"['ZZ20240506AMDHYD2223', 'BC']"
GXVH39,1,"['ZZ20240506AMDHYD2223', 'EC']"
MZGK86,1,"['ZZ20240506AMDHYD2223', 'BC']"
YNOD79,1,"['ZZ20240506AMDHYD2223', 'FC']"
JSND24,1,"['ZZ20240505AMDHYD2223', 'EC']"
AFAJ53,1,"['ZZ20240506AMDHYD2223', 'FC']"
DPQG14,1,"['ZZ20240506AMDHYD2223', 'BC']"
GDMM37,1,"['ZZ20240507AMDHYD2223', 'BC']"
AZXJ72,1,"['ZZ20240506AMDHYD2223', 'BC']"
AZXJ72,1,"['ZZ20240506AMDHYD2223', 'FC']"
UJCI25,1,"['ZZ20240505AMDHYD2223', 'EC']"
ZNZT72,1,"['ZZ20240506AMDHYD2223', 'BC']"
VLMW49,1,"['ZZ20240507AMDHYD2223', 'BC']"
CLJV31,1,"['ZZ20240506AMDHYD2223', 'BC']"
KBKC49,1,"['ZZ20240507AMDHYD2223', 'BC']"
WOLC44,1,"['ZZ20240506AMDHYD2223', 'FC']"
RYVS36,1,"['ZZ20240506AMDHYD2223', 'FC']"
DMVH24,1,"['ZZ20240506AMDHYD2223', 'BC']"
OJCS24,1,"['ZZ20240507AMDHYD2223', 'FC']"
PRWK90,1,"['ZZ20240506AMDHYD2223', 'BC']"
PDRR44,1,"['ZZ20240506AMDHYD2223', 'FC']"
MMYG89,1,"['ZZ20240506AMDHYD2223', 'BC']"
LOBZ81,1,"['ZZ20240506AMDHYD2223', 'FC']"
UKSB86,1,"['ZZ20240506AMDHYD2223', 'FC']"
GARS29,1,"['ZZ20240506AMDHYD2223', 'FC']"
OKCL60,1,"['ZZ20240507AMDHYD2223', 'FC']"
EJFI16,1,"['ZZ20240507AMDHYD2223', 'FC']"
XSMW19,1,"['ZZ20240506AMDHYD2223', 'BC']"
OIZU50,1,"['ZZ20240506AMDHYD2223', 'FC']"
QHBU69,1,"['ZZ20240507AMDHYD2223', 'BC']"
BBMY48,1,"['ZZ20240505AMDHYD2223', 'EC']"
KNWZ24,1,"['ZZ20240507AMDHYD2223', 'FC']"
XKFB77,1,"['ZZ20240507AMDHYD2223', 'BC']"
YEHF35,1,"['ZZ20240507AMDHYD2223', 'BC']"
OUMW51,1,"['ZZ20240506AMDHYD2223', 'EC']"
XSWS69,1,"['ZZ20240507AMDHYD2223', 'PC']"
BGTR69,1,"['ZZ20240506AMDHYD2223', 'BC']"
ARQD42,1,"['ZZ20240506AMDHYD2223', 'BC']"
