VZID92,1,"['ZZ20240506AMDHYD2223', 'PC']"
GMTF21,1,"['ZZ20240506AMDHYD2223', 'PC']"
MLIF89,1,"['ZZ20240506AMDHYD2223', 'PC']"
OMAZ43,1,"['ZZ20240506AMDHYD2223', 'PC']"
SLPS17,1,"['ZZ20240506AMDHYD2223', 'PC']"
GXVH39,1,"['ZZ20240506AMDHYD2223', 'PC']"
YNOD79,1,"['ZZ20240506AMDHYD2223', 'PC']"
JSND24,1,"['ZZ20240506AMDHYD2223', 'PC']"
AFAJ53,1,"['ZZ20240506AMDHYD2223', 'PC']"
AZXJ72,1,"['ZZ20240506AMDHYD2223', 'PC']"
UJCI25,1,"['ZZ20240506AMDHYD2223', 'PC']"
CLJV31,1,"['ZZ20240506AMDHYD2223', 'PC']"
WOLC44,1,"['ZZ20240506AMDHYD2223', 'PC']"
DMVH24,1,"['ZZ20240506AMDHYD2223', 'PC']"
OJCS24,1,"['ZZ20240506AMDHYD2223', 'PC']"
PRWK90,1,"['ZZ20240506AMDHYD2223', 'PC']"
PDRR44,1,"['ZZ20240506AMDHYD2223', 'PC']"
UKSB86,1,"['ZZ20240506AMDHYD2223', 'PC']"
GARS29,1,"['ZZ20240506AMDHYD2223', 'PC']"
OKCL60,1,"['ZZ20240506AMDHYD2223', 'PC']"
OIZU50,1,"['ZZ20240506AMDHYD2223', 'PC']"
XSWS69,1,"['ZZ20240506AMDHYD2223', 'PC']"
CAEI40,1,"['ZZ20240506AMDHYD2223', 'PC']"
BGTR69,1,"['ZZ20240506AMDHYD2223', 'PC']"
ARQD42,1,"['ZZ20240506AMDHYD2223', 'PC']"
