WJKL72,1,"['ZZ20240527AMDHYD2223', 'PC']"
BEBW83,1,"['ZZ20240527AMDHYD2223', 'PC']"
RYQN10,1,"['ZZ20240527AMDHYD2223', 'PC']"
NBJC80,1,"['ZZ20240527AMDHYD2223', 'PC']"
MMCS10,1,"['ZZ20240527AMDHYD2223', 'PC']"
LDPF56,1,"['ZZ20240527AMDHYD2223', 'PC']"
UJIR86,1,"['ZZ20240527AMDHYD2223', 'PC']"
QLRI80,1,"['ZZ20240527AMDHYD2223', 'PC']"
JCSS97,1,"['ZZ20240527AMDHYD2223', 'PC']"
LOEP30,1,"['ZZ20240527AMDHYD2223', 'PC']"
COCL30,1,"['ZZ20240527AMDHYD2223', 'PC']"
MHZO35,1,"['ZZ20240527AMDHYD2223', 'PC']"
MCDU18,1,"['ZZ20240527AMDHYD2223', 'PC']"
UWCA53,1,"['ZZ20240527AMDHYD2223', 'PC']"
