SSLU58,1,"['ZZ20240506AMDHYD2223', 'PC']"
PJHY16,1,"['ZZ20240506AMDHYD2223', 'PC']"
QKVR16,1,"['ZZ20240506AMDHYD2223', 'PC']"
QVWF37,1,"['ZZ20240506AMDHYD2223', 'PC']"
QEWH24,1,"['ZZ20240506AMDHYD2223', 'PC']"
GMTF21,1,"['ZZ20240506AMDHYD2223', 'PC']"
KVIB37,1,"['ZZ20240506AMDHYD2223', 'PC']"
GXVH39,1,"['ZZ20240506AMDHYD2223', 'PC']"
GDMM37,1,"['ZZ20240506AMDHYD2223', 'PC']"
AZXJ72,1,"['ZZ20240506AMDHYD2223', 'PC']"
RSWK81,1,"['ZZ20240506AMDHYD2223', 'PC']"
EJFI16,1,"['ZZ20240506AMDHYD2223', 'PC']"
QHBU69,1,"['ZZ20240506AMDHYD2223', 'PC']"
YEHF35,1,"['ZZ20240506AMDHYD2223', 'PC']"
CAEI40,1,"['ZZ20240506AMDHYD2223', 'PC']"
