VBND61,1,"['ZZ20240506AMDHYD2223', 'BC']"
NLHD46,1,"['ZZ20240505AMDHYD2223', 'EC']"
DDIA25,1,"['ZZ20240506AMDHYD2223', 'BC']"
DJWG48,1,"['ZZ20240505AMDHYD2223', 'EC']"
KPPD59,1,"['ZZ20240506AMDHYD2223', 'FC']"
JLHE38,1,"['ZZ20240506AMDHYD2223', 'FC']"
AVKH79,1,"['ZZ20240506AMDHYD2223', 'FC']"
BTKY23,1,"['ZZ20240506AMDHYD2223', 'BC']"
DYYT32,1,"['ZZ20240505AMDHYD2223', 'EC']"
IJBD42,1,"['ZZ20240505AMDHYD2223', 'EC']"
GTJF98,1,"['ZZ20240505AMDHYD2223', 'EC']"
DUFI36,1,"['ZZ20240506AMDHYD2223', 'BC']"
VZID92,1,"['ZZ20240506AMDHYD2223', 'FC']"
SQHB38,1,"['ZZ20240505AMDHYD2223', 'EC']"
QVWF37,1,"['ZZ20240506AMDHYD2223', 'BC']"
BPLG41,1,"['ZZ20240506AMDHYD2223', 'BC']"
GMTF21,1,"['ZZ20240506AMDHYD2223', 'BC']"
KVIB37,1,"['ZZ20240506AMDHYD2223', 'FC']"
MLIF89,1,"['ZZ20240505AMDHYD2223', 'EC']"
OMAZ43,1,"['ZZ20240506AMDHYD2223', 'FC']"
LSHJ62,1,"['ZZ20240506AMDHYD2223', 'BC']"
MHAO84,1,"['ZZ20240506AMDHYD2223', 'BC']"
MTSE37,1,"['ZZ20240505AMDHYD2223', 'EC']"
GXVH39,1,"['ZZ20240506AMDHYD2223', 'BC']"
MZGK86,1,"['ZZ20240506AMDHYD2223', 'BC']"
YNOD79,1,"['ZZ20240506AMDHYD2223', 'BC']"
AFAJ53,1,"['ZZ20240506AMDHYD2223', 'BC']"
AZXJ72,1,"['ZZ20240507AMDHYD2223', 'FC']"
UJCI25,1,"['ZZ20240506AMDHYD2223', 'BC']"
VLMW49,1,"['ZZ20240507AMDHYD2223', 'BC']"
CLJV31,1,"['ZZ20240506AMDHYD2223', 'FC']"
KBKC49,1,"['ZZ20240507AMDHYD2223', 'BC']"
OJCS24,1,"['ZZ20240507AMDHYD2223', 'FC']"
RSWK81,1,"['ZZ20240506AMDHYD2223', 'EC']"
PRWK90,1,"['ZZ20240506AMDHYD2223', 'BC']"
MEGA93,1,"['ZZ20240506AMDHYD2223', 'FC']"
YFIU24,1,"['ZZ20240506AMDHYD2223', 'BC']"
GJFY51,1,"['ZZ20240506AMDHYD2223', 'FC']"
OKCL60,1,"['ZZ20240507AMDHYD2223', 'PC']"
ZOEZ83,1,"['ZZ20240506AMDHYD2223', 'FC']"
XSMW19,1,"['ZZ20240506AMDHYD2223', 'BC']"
QHBU69,1,"['ZZ20240507AMDHYD2223', 'BC']"
VLAB49,1,"['ZZ20240506AMDHYD2223', 'BC']"
BBMY48,1,"['ZZ20240506AMDHYD2223', 'FC']"
KNWZ24,1,"['ZZ20240507AMDHYD2223', 'FC']"
XKFB77,1,"['ZZ20240507AMDHYD2223', 'BC']"
YEHF35,1,"['ZZ20240507AMDHYD2223', 'BC']"
TQRJ42,1,"['ZZ20240505AMDHYD2223', 'EC']"
XSWS69,1,"['ZZ20240507AMDHYD2223', 'FC']"
CAEI40,1,"['ZZ20240507AMDHYD2223', 'FC']"
MPZM21,1,"['ZZ20240506AMDHYD2223', 'EC']"
PZTV81,1,"['ZZ20240507AMDHYD2223', 'BC']"
