VBND61,1,"['ZZ20240506AMDHYD2223', 'BC']"
NLHD46,1,"['ZZ20240505AMDHYD2223', 'EC']"
DDIA25,1,"['ZZ20240506AMDHYD2223', 'BC']"
DJWG48,1,"['ZZ20240506AMDHYD2223', 'BC']"
KPPD59,1,"['ZZ20240506AMDHYD2223', 'FC']"
JLHE38,1,"['ZZ20240506AMDHYD2223', 'BC']"
AVKH79,1,"['ZZ20240506AMDHYD2223', 'EC']"
BTKY23,1,"['ZZ20240506AMDHYD2223', 'FC']"
DYYT32,1,"['ZZ20240505AMDHYD2223', 'EC']"
IJBD42,1,"['ZZ20240505AMDHYD2223', 'EC']"
SFDU26,1,"['ZZ20240505AMDHYD2223', 'EC']"
PJHY16,1,"['ZZ20240505AMDHYD2223', 'EC']"
DUFI36,1,"['ZZ20240505AMDHYD2223', 'EC']"
QKVR16,1,"['ZZ20240506AMDHYD2223', 'BC']"
VZID92,1,"['ZZ20240505AMDHYD2223', 'EC']"
SQHB38,1,"['ZZ20240506AMDHYD2223', 'FC']"
QVWF37,1,"['ZZ20240507AMDHYD2223', 'FC']"
BPLG41,1,"['ZZ20240507AMDHYD2223', 'FC']"
GMTF21,1,"['ZZ20240506AMDHYD2223', 'FC']"
KVIB37,1,"['ZZ20240505AMDHYD2223', 'EC']"
MLIF89,1,"['ZZ20240505AMDHYD2223', 'EC']"
LSHJ62,1,"['ZZ20240506AMDHYD2223', 'FC']"
MHAO84,1,"['ZZ20240506AMDHYD2223', 'EC']"
MTSE37,1,"['ZZ20240506AMDHYD2223', 'FC']"
SLPS17,1,"['ZZ20240506AMDHYD2223', 'FC']"
YNOD79,1,"['ZZ20240506AMDHYD2223', 'FC']"
JSND24,1,"['ZZ20240506AMDHYD2223', 'BC']"
DPQG14,1,"['ZZ20240506AMDHYD2223', 'FC']"
GDMM37,1,"['ZZ20240507AMDHYD2223', 'FC']"
AZXJ72,1,"['ZZ20240506AMDHYD2223', 'BC']"
ZNZT72,1,"['ZZ20240506AMDHYD2223', 'EC']"
VLMW49,1,"['ZZ20240507AMDHYD2223', 'BC']"
CLJV31,1,"['ZZ20240505AMDHYD2223', 'EC']"
WOLC44,1,"['ZZ20240506AMDHYD2223', 'FC']"
OJCS24,1,"['ZZ20240507AMDHYD2223', 'BC']"
PRWK90,1,"['ZZ20240505AMDHYD2223', 'EC']"
MEGA93,1,"['ZZ20240507AMDHYD2223', 'FC']"
PDRR44,1,"['ZZ20240505AMDHYD2223', 'EC']"
LOBZ81,1,"['ZZ20240506AMDHYD2223', 'BC']"
UKSB86,1,"['ZZ20240506AMDHYD2223', 'FC']"
GARS29,1,"['ZZ20240506AMDHYD2223', 'BC']"
YFIU24,1,"['ZZ20240507AMDHYD2223', 'PC']"
GJFY51,1,"['ZZ20240506AMDHYD2223', 'FC']"
OKCL60,1,"['ZZ20240507AMDHYD2223', 'FC']"
EJFI16,1,"['ZZ20240506AMDHYD2223', 'BC']"
XSMW19,1,"['ZZ20240506AMDHYD2223', 'FC']"
BBMY48,1,"['ZZ20240506AMDHYD2223', 'BC']"
KNWZ24,1,"['ZZ20240507AMDHYD2223', 'BC']"
XKFB77,1,"['ZZ20240507AMDHYD2223', 'BC']"
YEHF35,1,"['ZZ20240506AMDHYD2223', 'BC']"
OUMW51,1,"['ZZ20240506AMDHYD2223', 'BC']"
METW43,1,"['ZZ20240507AMDHYD2223', 'BC']"
TQRJ42,1,"['ZZ20240506AMDHYD2223', 'BC']"
CAEI40,1,"['ZZ20240507AMDHYD2223', 'BC']"
MPZM21,1,"['ZZ20240506AMDHYD2223', 'FC']"
