VBND61,1,"['ZZ20240505AMDHYD2223', 'EC']"
NLHD46,1,"['ZZ20240506AMDHYD2223', 'FC']"
DDIA25,1,"['ZZ20240506AMDHYD2223', 'EC']"
DJWG48,1,"['ZZ20240506AMDHYD2223', 'FC']"
KPPD59,1,"['ZZ20240506AMDHYD2223', 'EC']"
JLHE38,1,"['ZZ20240505AMDHYD2223', 'EC']"
AVKH79,1,"['ZZ20240506AMDHYD2223', 'FC']"
BTKY23,1,"['ZZ20240505AMDHYD2223', 'EC']"
DYYT32,1,"['ZZ20240506AMDHYD2223', 'FC']"
IJBD42,1,"['ZZ20240506AMDHYD2223', 'EC']"
GTJF98,1,"['ZZ20240506AMDHYD2223', 'FC']"
SFDU26,1,"['ZZ20240506AMDHYD2223', 'EC']"
DUFI36,1,"['ZZ20240505AMDHYD2223', 'EC']"
VZID92,1,"['ZZ20240506AMDHYD2223', 'BC']"
SQHB38,1,"['ZZ20240506AMDHYD2223', 'BC']"
BPLG41,1,"['ZZ20240506AMDHYD2223', 'BC']"
MLIF89,1,"['ZZ20240506AMDHYD2223', 'FC']"
OMAZ43,1,"['ZZ20240506AMDHYD2223', 'FC']"
LSHJ62,1,"['ZZ20240506AMDHYD2223', 'EC']"
MHAO84,1,"['ZZ20240506AMDHYD2223', 'BC']"
MTSE37,1,"['ZZ20240505AMDHYD2223', 'EC']"
SLPS17,1,"['ZZ20240507AMDHYD2223', 'FC']"
MZGK86,1,"['ZZ20240506AMDHYD2223', 'BC']"
YNOD79,1,"['ZZ20240505AMDHYD2223', 'EC']"
JSND24,1,"['ZZ20240506AMDHYD2223', 'FC']"
AFAJ53,1,"['ZZ20240507AMDHYD2223', 'BC']"
DPQG14,1,"['ZZ20240507AMDHYD2223', 'FC']"
AZXJ72,1,"['ZZ20240506AMDHYD2223', 'EC']"
UJCI25,1,"['ZZ20240507AMDHYD2223', 'FC']"
ZNZT72,1,"['ZZ20240506AMDHYD2223', 'FC']"
VLMW49,1,"['ZZ20240506AMDHYD2223', 'BC']"
CLJV31,1,"['ZZ20240506AMDHYD2223', 'BC']"
KBKC49,1,"['ZZ20240507AMDHYD2223', 'BC']"
WOLC44,1,"['ZZ20240507AMDHYD2223', 'BC']"
RYVS36,1,"['ZZ20240506AMDHYD2223', 'BC']"
DMVH24,1,"['ZZ20240507AMDHYD2223', 'BC']"
OJCS24,1,"['ZZ20240506AMDHYD2223', 'BC']"
PRWK90,1,"['ZZ20240507AMDHYD2223', 'FC']"
MEGA93,1,"['ZZ20240506AMDHYD2223', 'BC']"
PDRR44,1,"['ZZ20240506AMDHYD2223', 'EC']"
MMYG89,1,"['ZZ20240507AMDHYD2223', 'BC']"
LOBZ81,1,"['ZZ20240506AMDHYD2223', 'BC']"
UKSB86,1,"['ZZ20240507AMDHYD2223', 'BC']"
GARS29,1,"['ZZ20240506AMDHYD2223', 'EC']"
YFIU24,1,"['ZZ20240506AMDHYD2223', 'EC']"
GJFY51,1,"['ZZ20240505AMDHYD2223', 'EC']"
OKCL60,1,"['ZZ20240507AMDHYD2223', 'FC']"
ZOEZ83,1,"['ZZ20240507AMDHYD2223', 'BC']"
XSMW19,1,"['ZZ20240506AMDHYD2223', 'FC']"
OIZU50,1,"['ZZ20240507AMDHYD2223', 'PC']"
VLAB49,1,"['ZZ20240507AMDHYD2223', 'BC']"
BBMY48,1,"['ZZ20240506AMDHYD2223', 'BC']"
KNWZ24,1,"['ZZ20240507AMDHYD2223', 'FC']"
XKFB77,1,"['ZZ20240507AMDHYD2223', 'BC']"
OUMW51,1,"['ZZ20240507AMDHYD2223', 'BC']"
METW43,1,"['ZZ20240507AMDHYD2223', 'BC']"
TQRJ42,1,"['ZZ20240506AMDHYD2223', 'FC']"
XSWS69,1,"['ZZ20240507AMDHYD2223', 'PC']"
MPZM21,1,"['ZZ20240506AMDHYD2223', 'FC']"
BGTR69,1,"['ZZ20240506AMDHYD2223', 'EC']"
ARQD42,1,"['ZZ20240506AMDHYD2223', 'EC']"
PZTV81,1,"['ZZ20240507AMDHYD2223', 'FC']"
