SSLU58,1,"['ZZ20240506AMDHYD2223', 'PC']"
GTJF98,1,"['ZZ20240506AMDHYD2223', 'PC']"
QEWH24,1,"['ZZ20240506AMDHYD2223', 'PC']"
OMAZ43,1,"['ZZ20240506AMDHYD2223', 'PC']"
GXVH39,1,"['ZZ20240506AMDHYD2223', 'PC']"
MZGK86,1,"['ZZ20240506AMDHYD2223', 'PC']"
AFAJ53,1,"['ZZ20240506AMDHYD2223', 'PC']"
AZXJ72,1,"['ZZ20240506AMDHYD2223', 'PC']"
UJCI25,1,"['ZZ20240506AMDHYD2223', 'PC']"
KBKC49,1,"['ZZ20240506AMDHYD2223', 'PC']"
RYVS36,1,"['ZZ20240506AMDHYD2223', 'PC']"
DMVH24,1,"['ZZ20240506AMDHYD2223', 'PC']"
RSWK81,1,"['ZZ20240506AMDHYD2223', 'PC']"
MMYG89,1,"['ZZ20240506AMDHYD2223', 'PC']"
ZOEZ83,1,"['ZZ20240506AMDHYD2223', 'PC']"
OIZU50,1,"['ZZ20240506AMDHYD2223', 'PC']"
QHBU69,1,"['ZZ20240506AMDHYD2223', 'PC']"
VLAB49,1,"['ZZ20240506AMDHYD2223', 'PC']"
XSWS69,1,"['ZZ20240506AMDHYD2223', 'PC']"
BGTR69,1,"['ZZ20240506AMDHYD2223', 'PC']"
ARQD42,1,"['ZZ20240506AMDHYD2223', 'PC']"
PZTV81,1,"['ZZ20240506AMDHYD2223', 'PC']"
