NLHD46,1,"['ZZ20240505AMDHYD2223', 'EC']"
SSLU58,1,"['ZZ20240505AMDHYD2223', 'EC']"
DDIA25,1,"['ZZ20240505AMDHYD2223', 'EC']"
DJWG48,1,"['ZZ20240505AMDHYD2223', 'EC']"
KPPD59,1,"['ZZ20240505AMDHYD2223', 'EC']"
JLHE38,1,"['ZZ20240506AMDHYD2223', 'BC']"
AVKH79,1,"['ZZ20240506AMDHYD2223', 'FC']"
BTKY23,1,"['ZZ20240506AMDHYD2223', 'FC']"
GTJF98,1,"['ZZ20240505AMDHYD2223', 'EC']"
PJHY16,1,"['ZZ20240505AMDHYD2223', 'EC']"
QKVR16,1,"['ZZ20240505AMDHYD2223', 'EC']"
SQHB38,1,"['ZZ20240506AMDHYD2223', 'FC']"
QVWF37,1,"['ZZ20240506AMDHYD2223', 'EC']"
BPLG41,1,"['ZZ20240506AMDHYD2223', 'EC']"
GMTF21,1,"['ZZ20240506AMDHYD2223', 'BC']"
KVIB37,1,"['ZZ20240506AMDHYD2223', 'BC']"
LSHJ62,1,"['ZZ20240506AMDHYD2223', 'FC']"
MHAO84,1,"['ZZ20240506AMDHYD2223', 'BC']"
MTSE37,1,"['ZZ20240505AMDHYD2223', 'EC']"
SLPS17,1,"['ZZ20240506AMDHYD2223', 'FC']"
MZGK86,1,"['ZZ20240506AMDHYD2223', 'FC']"
AFAJ53,1,"['ZZ20240507AMDHYD2223', 'FC']"
GDMM37,1,"['ZZ20240507AMDHYD2223', 'FC']"
AZXJ72,1,"['ZZ20240506AMDHYD2223', 'EC']"
ZNZT72,1,"['ZZ20240507AMDHYD2223', 'FC']"
VLMW49,1,"['ZZ20240506AMDHYD2223', 'BC']"
KBKC49,1,"['ZZ20240507AMDHYD2223', 'PC']"
DMVH24,1,"['ZZ20240506AMDHYD2223', 'BC']"
OJCS24,1,"['ZZ20240507AMDHYD2223', 'BC']"
RSWK81,1,"['ZZ20240507AMDHYD2223', 'FC']"
PRWK90,1,"['ZZ20240506AMDHYD2223', 'EC']"
MEGA93,1,"['ZZ20240506AMDHYD2223', 'BC']"
LOBZ81,1,"['ZZ20240506AMDHYD2223', 'FC']"
UKSB86,1,"['ZZ20240506AMDHYD2223', 'FC']"
GJFY51,1,"['ZZ20240506AMDHYD2223', 'BC']"
OKCL60,1,"['ZZ20240507AMDHYD2223', 'BC']"
EJFI16,1,"['ZZ20240507AMDHYD2223', 'BC']"
QHBU69,1,"['ZZ20240506AMDHYD2223', 'FC']"
VLAB49,1,"['ZZ20240505AMDHYD2223', 'EC']"
BBMY48,1,"['ZZ20240506AMDHYD2223', 'BC']"
KNWZ24,1,"['ZZ20240506AMDHYD2223', 'BC']"
XKFB77,1,"['ZZ20240507AMDHYD2223', 'BC']"
YEHF35,1,"['ZZ20240506AMDHYD2223', 'FC']"
OUMW51,1,"['ZZ20240507AMDHYD2223', 'BC']"
METW43,1,"['ZZ20240507AMDHYD2223', 'FC']"
XSWS69,1,"['ZZ20240507AMDHYD2223', 'PC']"
MPZM21,1,"['ZZ20240506AMDHYD2223', 'FC']"
